scroll,segment,seed,step,sheet_px,matrix_threshold,matrix_f1,legacy_threshold,legacy_f1,reproduces,oracle_threshold,oracle_f1,q,t_R0,t_R1,t_R2,t_R3,regret_R0,regret_R1,regret_R2,regret_R3
phercparis4,phercparis4-w00,42,010000,85866396,88,0.4196,88,0.419612,True,88,0.419612,0.284190,128,92,104,92,0.128391,0.002614,0.026600,0.002614
phercparis4,phercparis4-w00,42,020000,85866396,81,0.41,81,0.409995,True,81,0.410021,0.289905,128,86,108,96,0.078208,0.001743,0.034334,0.014126
phercparis4,phercparis4-w00,42,030000,85866396,65,0.3874,65,0.387366,True,65,0.387395,0.292836,128,79,106,84,0.150615,0.040912,0.102827,0.053413
phercparis4,phercparis4-w00,42,040000,85866396,62,0.3786,62,0.378643,True,62,0.378670,0.321261,128,77,103,76,0.210956,0.071256,0.149382,0.068405
phercparis4,phercparis4-w00,42,050000,85866396,64,0.3845,64,0.384484,True,64,0.384512,0.320486,128,71,106,83,0.115232,0.007959,0.066238,0.023474
phercparis4,phercparis4-w00,42,060000,85866396,63,0.387,63,0.386971,True,63,0.386998,0.319509,128,73,105,80,0.155395,0.029065,0.101191,0.045350
phercparis4,phercparis4-w00,42,075000,85866396,62,0.3797,62,0.379669,True,62,0.379695,0.319720,128,72,106,78,0.164356,0.038659,0.105097,0.051624
phercparis4,phercparis4-w00,43,010000,85866396,80,0.3859,80,0.385906,True,80,0.385934,0.284190,128,92,109,98,0.144381,0.018021,0.069996,0.034437
phercparis4,phercparis4-w00,43,020000,85866396,86,0.4263,86,0.426324,True,86,0.426361,0.289905,128,86,108,95,0.047554,0.000000,0.017451,0.004637
phercparis4,phercparis4-w00,43,030000,85866396,67,0.3904,67,0.390354,True,67,0.390372,0.292836,128,79,103,83,0.154824,0.023845,0.079998,0.033837
phercparis4,phercparis4-w00,43,040000,85866396,67,0.3919,67,0.391877,True,67,0.391889,0.321261,128,77,104,77,0.141506,0.019630,0.079649,0.019630
phercparis4,phercparis4-w00,43,050000,85866396,64,0.3817,64,0.381665,True,64,0.381694,0.320486,128,71,106,81,0.122798,0.006327,0.073415,0.023626
phercparis4,phercparis4-w00,43,060000,85866396,59,0.3747,59,0.374731,True,59,0.374755,0.319509,128,73,105,81,0.119684,0.017165,0.074345,0.032836
phercparis4,phercparis4-w00,43,075000,85866396,61,0.3782,61,0.378204,True,61,0.378230,0.319720,128,72,103,75,0.159674,0.025479,0.098615,0.033120
phercparis4,phercparis4-w02,42,010000,78909235,81,0.4027,81,0.402655,True,81,0.402720,0.284190,128,92,105,96,0.143685,0.010140,0.044703,0.018191
phercparis4,phercparis4-w02,42,020000,78909235,79,0.4096,79,0.409591,True,79,0.409674,0.289905,128,86,108,95,0.068858,0.002465,0.015891,0.006577
phercparis4,phercparis4-w02,42,030000,78909235,71,0.4181,71,0.418105,True,71,0.418125,0.292836,128,79,109,92,0.082248,0.007976,0.049635,0.024550
phercparis4,phercparis4-w02,42,040000,78909235,65,0.3974,65,0.397420,True,65,0.397488,0.321261,128,77,105,80,0.148983,0.032892,0.100242,0.040299
phercparis4,phercparis4-w02,42,050000,78909235,67,0.4043,67,0.404279,True,67,0.404194,0.320486,128,71,107,87,0.123387,0.006082,0.076495,0.038036
phercparis4,phercparis4-w02,42,060000,78909235,66,0.4033,66,0.403298,True,66,0.403394,0.319509,128,73,106,85,0.136353,0.011076,0.085340,0.038092
phercparis4,phercparis4-w02,42,075000,78909235,64,0.3875,64,0.387515,True,64,0.387564,0.319720,128,72,107,83,0.107171,0.011876,0.063514,0.024216
phercparis4,phercparis4-w02,43,010000,78909235,81,0.3945,81,0.394486,True,81,0.394499,0.284190,128,92,110,102,0.140380,0.019461,0.059293,0.037341
phercparis4,phercparis4-w02,43,020000,78909235,78,0.4174,78,0.417384,True,78,0.417423,0.289905,128,86,108,99,0.068322,0.002948,0.027369,0.014563
phercparis4,phercparis4-w02,43,030000,78909235,70,0.4151,70,0.415061,True,70,0.415071,0.292836,128,79,105,86,0.130455,0.011891,0.068034,0.027029
phercparis4,phercparis4-w02,43,040000,78909235,67,0.4046,67,0.404575,True,67,0.404708,0.321261,128,77,104,79,0.132416,0.009063,0.067794,0.012296
phercparis4,phercparis4-w02,43,050000,78909235,66,0.4089,66,0.408940,True,66,0.409071,0.320486,128,71,105,81,0.129639,0.002369,0.065458,0.013074
phercparis4,phercparis4-w02,43,060000,78909235,68,0.4057,68,0.405657,True,68,0.405881,0.319509,128,73,106,85,0.113771,0.003403,0.061199,0.022578
phercparis4,phercparis4-w02,43,075000,78909235,65,0.3862,65,0.386151,True,65,0.386237,0.319720,128,72,104,78,0.151231,0.012605,0.092410,0.027127
phercparis4,phercparis4-w01,42,010000,99074525,87,0.4678,87,0.467754,True,87,0.467754,0.284190,128,92,106,95,0.168402,0.003424,0.045968,0.009017
phercparis4,phercparis4-w01,42,020000,99074525,85,0.4607,85,0.460685,True,85,0.460685,0.289905,128,86,110,99,0.078377,0.000053,0.030885,0.010518
phercparis4,phercparis4-w01,42,030000,99074525,70,0.4437,70,0.443683,True,70,0.443683,0.292836,128,79,109,92,0.119266,0.008768,0.068477,0.030582
phercparis4,phercparis4-w01,42,040000,99074525,63,0.4193,63,0.419298,True,63,0.419298,0.321261,128,77,105,80,0.226656,0.049652,0.153286,0.059877
phercparis4,phercparis4-w01,42,050000,99074525,69,0.4336,69,0.433635,True,69,0.433635,0.320486,128,71,108,87,0.138734,0.000884,0.077065,0.025654
phercparis4,phercparis4-w01,42,060000,99074525,67,0.4348,67,0.434829,True,67,0.434829,0.319509,128,73,107,86,0.159755,0.009112,0.096117,0.037967
phercparis4,phercparis4-w01,42,075000,99074525,66,0.4295,66,0.429530,True,66,0.429530,0.319720,128,72,108,83,0.151895,0.008109,0.093191,0.032453
phercparis4,phercparis4-w01,43,010000,99074525,85,0.433,85,0.433010,True,85,0.433010,0.284190,128,92,110,101,0.151119,0.007464,0.068213,0.032401
phercparis4,phercparis4-w01,43,020000,99074525,83,0.4621,83,0.462144,True,83,0.462144,0.289905,128,86,109,98,0.076864,0.000207,0.025808,0.007677
phercparis4,phercparis4-w01,43,030000,99074525,69,0.4415,69,0.441527,True,69,0.441527,0.292836,128,79,105,88,0.165457,0.014091,0.089200,0.037504
phercparis4,phercparis4-w01,43,040000,99074525,67,0.4424,67,0.442415,True,67,0.442415,0.321261,128,77,106,81,0.207210,0.024305,0.134422,0.038791
phercparis4,phercparis4-w01,43,050000,99074525,69,0.4426,69,0.442611,True,69,0.442611,0.320486,128,71,107,84,0.152334,0.001434,0.088133,0.027735
phercparis4,phercparis4-w01,43,060000,99074525,67,0.4373,67,0.437349,True,67,0.437349,0.319509,128,73,107,86,0.165941,0.007091,0.093214,0.034949
phercparis4,phercparis4-w01,43,075000,99074525,65,0.4326,65,0.432641,True,65,0.432641,0.319720,128,72,106,80,0.180202,0.011130,0.106664,0.031146
phercparis4,phercparis4-w03,42,010000,98146109,74,0.518,74,0.518046,True,74,0.518046,0.284190,128,92,107,96,0.253363,0.060026,0.140991,0.081528
phercparis4,phercparis4-w03,42,020000,98146109,72,0.5233,72,0.523255,True,72,0.523255,0.289905,128,86,109,96,0.175352,0.027228,0.102830,0.057002
phercparis4,phercparis4-w03,42,030000,98146109,68,0.5281,68,0.528089,True,68,0.528089,0.292836,128,79,110,91,0.222645,0.033035,0.154216,0.078024
phercparis4,phercparis4-w03,42,040000,98146109,55,0.5125,55,0.512507,True,55,0.512507,0.321261,128,77,107,81,0.263143,0.070430,0.187524,0.086375
phercparis4,phercparis4-w03,42,050000,98146109,65,0.5178,65,0.517756,True,65,0.517756,0.320486,128,71,108,87,0.215337,0.011254,0.138793,0.060225
phercparis4,phercparis4-w03,42,060000,98146109,64,0.5218,64,0.521778,True,64,0.521778,0.319509,128,73,107,85,0.245398,0.027894,0.172345,0.079251
phercparis4,phercparis4-w03,42,075000,98146109,64,0.5152,64,0.515218,True,64,0.515218,0.319720,128,72,108,83,0.247287,0.029565,0.178152,0.077235
phercparis4,phercparis4-w03,43,010000,98146109,0,0.5124,0,0.512433,True,0,0.512433,0.284190,128,92,111,101,0.247802,0.071068,0.165651,0.120023
phercparis4,phercparis4-w03,43,020000,98146109,75,0.5331,75,0.533145,True,75,0.533145,0.289905,128,86,111,101,0.158369,0.017973,0.097484,0.062956
phercparis4,phercparis4-w03,43,030000,98146109,66,0.5286,66,0.528613,True,66,0.528613,0.292836,128,79,106,88,0.225223,0.033797,0.140385,0.067849
phercparis4,phercparis4-w03,43,040000,98146109,66,0.5358,66,0.535827,True,66,0.535827,0.321261,128,77,105,80,0.249409,0.045570,0.163265,0.059880
phercparis4,phercparis4-w03,43,050000,98146109,64,0.5228,64,0.522761,True,64,0.522761,0.320486,128,71,107,83,0.203281,0.016501,0.136360,0.059019
phercparis4,phercparis4-w03,43,060000,98146109,64,0.5198,64,0.519761,True,64,0.519761,0.319509,128,73,108,87,0.204853,0.027554,0.136765,0.070382
phercparis4,phercparis4-w03,43,075000,98146109,64,0.5186,64,0.518607,True,64,0.518607,0.319720,128,72,106,80,0.248338,0.038152,0.174559,0.077468
phercparis4,phercparis4-w05,42,010000,213085492,82,0.3748,82,0.374819,True,82,0.374819,0.284190,128,92,106,95,0.160951,0.011056,0.059013,0.018889
phercparis4,phercparis4-w05,42,020000,213085492,81,0.3861,81,0.386113,True,81,0.386113,0.289905,128,86,110,99,0.090335,0.001100,0.038453,0.015898
phercparis4,phercparis4-w05,42,030000,213085492,70,0.3772,70,0.377242,True,70,0.377242,0.292836,128,79,109,92,0.134074,0.010059,0.078744,0.035778
phercparis4,phercparis4-w05,42,040000,213085492,64,0.3549,64,0.354868,True,64,0.354868,0.321261,128,77,106,81,0.183360,0.039782,0.123255,0.052490
phercparis4,phercparis4-w05,42,050000,213085492,67,0.3639,67,0.363898,True,67,0.363898,0.320486,128,71,107,86,0.150149,0.004654,0.092044,0.038454
phercparis4,phercparis4-w05,42,060000,213085492,65,0.3656,65,0.365590,True,65,0.365590,0.319509,128,73,106,83,0.175382,0.014425,0.107705,0.039178
phercparis4,phercparis4-w05,42,075000,213085492,66,0.3639,66,0.363926,True,66,0.363926,0.319720,128,72,107,82,0.165030,0.013512,0.105396,0.038316
phercparis4,phercparis4-w05,43,010000,213085492,84,0.3579,84,0.357858,True,84,0.357858,0.284190,128,92,111,103,0.123435,0.007597,0.056148,0.032265
phercparis4,phercparis4-w05,43,020000,213085492,85,0.3971,85,0.397058,True,85,0.397058,0.289905,128,86,110,100,0.072394,0.000156,0.030113,0.013500
phercparis4,phercparis4-w05,43,030000,213085492,72,0.3765,72,0.376509,True,72,0.376509,0.292836,128,79,105,88,0.139659,0.005476,0.063876,0.020775
phercparis4,phercparis4-w05,43,040000,213085492,68,0.3744,68,0.374448,True,68,0.374448,0.321261,128,77,105,79,0.160468,0.015521,0.093916,0.020849
phercparis4,phercparis4-w05,43,050000,213085492,68,0.3749,68,0.374876,True,68,0.374876,0.320486,128,71,106,82,0.135015,0.001372,0.074554,0.017836
phercparis4,phercparis4-w05,43,060000,213085492,68,0.3635,68,0.363548,True,68,0.363548,0.319509,128,73,107,86,0.129154,0.004133,0.076356,0.029526
phercparis4,phercparis4-w05,43,075000,213085492,65,0.3546,65,0.354629,True,65,0.354629,0.319720,128,72,105,79,0.156430,0.011514,0.095016,0.030153
phercparis4,phercparis4-w06,42,010000,109890114,73,0.4772,73,0.477225,True,73,0.477225,0.284190,128,92,106,95,0.194652,0.034749,0.093036,0.046289
phercparis4,phercparis4-w06,42,020000,109890114,77,0.5013,77,0.501301,True,77,0.501301,0.289905,128,86,110,98,0.140590,0.008364,0.075666,0.037176
phercparis4,phercparis4-w06,42,030000,109890114,67,0.4874,67,0.487359,True,67,0.487359,0.292836,128,79,109,92,0.171080,0.017970,0.107225,0.053672
phercparis4,phercparis4-w06,42,040000,109890114,53,0.4743,53,0.474326,True,53,0.474326,0.321261,128,77,106,81,0.255043,0.067996,0.174617,0.083287
phercparis4,phercparis4-w06,42,050000,109890114,65,0.4819,65,0.481860,True,65,0.481860,0.320486,128,71,107,87,0.169835,0.008020,0.103053,0.047026
phercparis4,phercparis4-w06,42,060000,109890114,64,0.4794,64,0.479440,True,64,0.479440,0.319509,128,73,107,85,0.178221,0.018684,0.115959,0.054008
phercparis4,phercparis4-w06,42,075000,109890114,65,0.4778,65,0.477805,True,65,0.477805,0.319720,128,72,108,83,0.196156,0.023007,0.133343,0.059694
phercparis4,phercparis4-w06,43,010000,109890114,78,0.4765,78,0.476489,True,78,0.476489,0.284190,128,92,111,103,0.192339,0.033948,0.107732,0.072372
phercparis4,phercparis4-w06,43,020000,109890114,77,0.4985,77,0.498480,True,77,0.498480,0.289905,128,86,110,101,0.115628,0.007276,0.059689,0.035937
phercparis4,phercparis4-w06,43,030000,109890114,66,0.4888,66,0.488831,True,66,0.488831,0.292836,128,79,105,88,0.201479,0.024129,0.116333,0.052010
phercparis4,phercparis4-w06,43,040000,109890114,65,0.4855,65,0.485476,True,65,0.485476,0.321261,128,77,105,80,0.232578,0.043314,0.158268,0.056315
phercparis4,phercparis4-w06,43,050000,109890114,63,0.4794,63,0.479448,True,63,0.479448,0.320486,128,71,107,84,0.179511,0.013722,0.117208,0.050369
phercparis4,phercparis4-w06,43,060000,109890114,63,0.4778,63,0.477796,True,63,0.477796,0.319509,128,73,107,87,0.178775,0.022102,0.118139,0.060863
phercparis4,phercparis4-w06,43,075000,109890114,61,0.4762,61,0.476209,True,61,0.476209,0.319720,128,72,105,80,0.200664,0.027852,0.132206,0.054519
phercparis4,phercparis4-w07,42,010000,305671435,94,0.5542,94,0.554167,True,94,0.554167,0.284190,128,92,110,93,0.088338,0.000314,0.026259,0.000011
phercparis4,phercparis4-w07,42,020000,305671435,89,0.5522,89,0.552229,True,89,0.552229,0.289905,128,86,111,92,0.066787,0.000598,0.025019,0.000767
phercparis4,phercparis4-w07,42,030000,305671435,75,0.5252,75,0.525176,True,75,0.525176,0.292836,128,79,109,87,0.099527,0.001339,0.052719,0.010409
phercparis4,phercparis4-w07,42,040000,305671435,66,0.4948,66,0.494835,True,66,0.494835,0.321261,128,77,105,77,0.166143,0.018367,0.096644,0.018367
phercparis4,phercparis4-w07,42,050000,305671435,72,0.5147,72,0.514694,True,72,0.514694,0.320486,128,71,108,84,0.107927,0.000320,0.056573,0.011462
phercparis4,phercparis4-w07,42,060000,305671435,67,0.5027,67,0.502717,True,67,0.502717,0.319509,128,73,107,82,0.114814,0.003004,0.062022,0.014014
phercparis4,phercparis4-w07,42,075000,305671435,68,0.5042,68,0.504202,True,68,0.504202,0.319720,128,72,107,79,0.116265,0.002737,0.065848,0.012604
phercparis4,phercparis4-w07,43,010000,305671435,91,0.5277,91,0.527685,True,91,0.527685,0.284190,128,92,112,97,0.088718,0.000046,0.035015,0.003625
phercparis4,phercparis4-w07,43,020000,305671435,96,0.5551,96,0.555055,True,96,0.555055,0.289905,128,86,112,97,0.031829,0.003749,0.008688,0.000095
phercparis4,phercparis4-w07,43,030000,305671435,81,0.5301,81,0.530095,True,81,0.530095,0.292836,128,79,107,85,0.091776,0.000154,0.037391,0.001126
phercparis4,phercparis4-w07,43,040000,305671435,71,0.5157,71,0.515669,True,71,0.515669,0.321261,128,77,107,77,0.132779,0.005303,0.072715,0.005303
phercparis4,phercparis4-w07,43,050000,305671435,76,0.5255,76,0.525472,True,76,0.525472,0.320486,128,71,108,81,0.096632,0.003323,0.047070,0.002007
phercparis4,phercparis4-w07,43,060000,305671435,69,0.5107,69,0.510745,True,69,0.510745,0.319509,128,73,108,83,0.121525,0.001630,0.067096,0.013609
phercparis4,phercparis4-w07,43,075000,305671435,68,0.5051,68,0.505068,True,68,0.505068,0.319720,128,72,107,77,0.138470,0.003002,0.082778,0.011437
phercparis4,phercparis4-w09,42,010000,130950271,102,0.578,102,0.577978,True,102,0.577978,0.284190,128,92,113,101,0.045801,0.014474,0.010546,0.000308
phercparis4,phercparis4-w09,42,020000,130950271,108,0.5875,108,0.587499,True,108,0.587499,0.289905,128,86,115,105,0.027597,0.029299,0.003773,0.000537
phercparis4,phercparis4-w09,42,030000,130950271,88,0.5321,88,0.532060,True,88,0.532060,0.292836,128,79,111,96,0.068340,0.006107,0.026590,0.004376
phercparis4,phercparis4-w09,42,040000,130950271,72,0.4867,72,0.486704,True,72,0.486704,0.321261,128,77,108,85,0.128148,0.002329,0.069475,0.014735
phercparis4,phercparis4-w09,42,050000,130950271,83,0.519,83,0.519040,True,83,0.519040,0.320486,128,71,111,94,0.076245,0.012193,0.032642,0.005148
phercparis4,phercparis4-w09,42,060000,130950271,74,0.5074,74,0.507393,True,74,0.507393,0.319509,128,73,109,90,0.107384,0.000026,0.056974,0.018606
phercparis4,phercparis4-w09,42,075000,130950271,73,0.5008,73,0.500824,True,73,0.500824,0.319720,128,72,110,86,0.112648,0.000083,0.065548,0.017914
phercparis4,phercparis4-w09,43,010000,130950271,105,0.5448,105,0.544827,True,105,0.544827,0.284190,128,92,116,107,0.040462,0.015331,0.009392,0.000211
phercparis4,phercparis4-w09,43,020000,130950271,112,0.5981,112,0.598123,True,112,0.598123,0.289905,128,86,116,111,0.008667,0.036467,0.000617,0.000037
phercparis4,phercparis4-w09,43,030000,130950271,94,0.5387,94,0.538737,True,94,0.538737,0.292836,128,79,110,96,0.045805,0.007652,0.008661,0.000209
phercparis4,phercparis4-w09,43,040000,130950271,81,0.5437,81,0.543732,True,81,0.543732,0.321261,128,77,109,85,0.113404,0.001314,0.047550,0.001225
phercparis4,phercparis4-w09,43,050000,130950271,88,0.5628,88,0.562826,True,88,0.562826,0.320486,128,71,111,90,0.060995,0.025510,0.023740,0.000252
phercparis4,phercparis4-w09,43,060000,130950271,86,0.5231,86,0.523079,True,86,0.523079,0.319509,128,73,110,91,0.063593,0.009248,0.023658,0.002316
phercparis4,phercparis4-w09,43,075000,130950271,80,0.5227,80,0.522674,True,80,0.522674,0.319720,128,72,109,84,0.086723,0.005179,0.040112,0.000988
pherc1667,pherc1667-w029,42,010000,58889798,98,0.5682,98,0.568220,True,98,0.568220,0.327594,128,86,116,105,0.048310,0.015160,0.022747,0.004499
pherc1667,pherc1667-w029,42,020000,58889798,92,0.5889,92,0.588913,True,92,0.588913,0.302132,128,84,114,97,0.060235,0.002874,0.023575,0.001380
pherc1667,pherc1667-w029,42,030000,58889798,84,0.5639,84,0.563909,True,84,0.563909,0.352841,128,76,112,83,0.087551,0.006379,0.049563,0.000077
pherc1667,pherc1667-w029,42,040000,58889798,82,0.5505,82,0.550539,True,82,0.550539,0.424553,128,70,112,76,0.054005,0.015016,0.019329,0.003160
pherc1667,pherc1667-w029,42,050000,58889798,82,0.56,82,0.559986,True,82,0.559986,0.421092,128,69,115,78,0.064999,0.017120,0.035463,0.001202
pherc1667,pherc1667-w029,42,060000,58889798,73,0.5546,73,0.554567,True,73,0.554567,0.454665,128,68,113,75,0.091313,0.017985,0.056671,0.000516
pherc1667,pherc1667-w029,42,075000,58889798,74,0.5572,74,0.557156,True,74,0.557156,0.468800,128,68,112,70,0.121655,0.016306,0.078187,0.005218
pherc1667,pherc1667-w029,43,010000,58889798,109,0.5817,109,0.581733,True,109,0.581733,0.327594,128,86,116,101,0.024671,0.021775,0.003676,0.001303
pherc1667,pherc1667-w029,43,020000,58889798,88,0.5851,88,0.585103,True,88,0.585103,0.302132,128,84,114,102,0.030726,0.001737,0.007904,0.001436
pherc1667,pherc1667-w029,43,030000,58889798,72,0.5481,72,0.548120,True,72,0.548120,0.352841,128,76,110,74,0.093600,0.003820,0.062303,0.001232
pherc1667,pherc1667-w029,43,040000,58889798,77,0.5515,77,0.551543,True,77,0.551543,0.424553,128,70,111,74,0.095044,0.005236,0.055057,0.000803
pherc1667,pherc1667-w029,43,050000,58889798,72,0.5438,72,0.543824,True,72,0.543824,0.421092,128,69,112,70,0.103242,0.004443,0.067572,0.002111
pherc1667,pherc1667-w029,43,060000,58889798,76,0.5381,76,0.538137,True,76,0.538137,0.454665,128,68,113,71,0.111858,0.008054,0.068196,0.003022
pherc1667,pherc1667-w029,43,075000,58889798,70,0.5375,70,0.537528,True,70,0.537528,0.468800,128,68,112,68,0.137722,0.003388,0.096360,0.003388
pherc1667,pherc1667-w028,42,010000,58011300,104,0.5326,104,0.532561,True,104,0.532561,0.327594,128,86,118,109,0.015762,0.011299,0.006733,0.001405
pherc1667,pherc1667-w028,42,020000,58011300,116,0.5119,116,0.511871,True,116,0.511871,0.302132,128,84,116,102,0.005699,0.012795,0.000000,0.000987
pherc1667,pherc1667-w028,42,030000,58011300,78,0.4711,78,0.471127,True,78,0.471127,0.352841,128,76,113,87,0.041149,0.000737,0.020013,0.002020
pherc1667,pherc1667-w028,42,040000,58011300,94,0.5148,94,0.514833,True,94,0.514833,0.424553,128,70,114,77,0.035637,0.027263,0.012717,0.013318
pherc1667,pherc1667-w028,42,050000,58011300,101,0.529,101,0.528998,True,101,0.528998,0.421092,128,69,116,80,0.029125,0.036123,0.010522,0.016798
pherc1667,pherc1667-w028,42,060000,58011300,98,0.5069,98,0.506922,True,98,0.506922,0.454665,128,68,114,76,0.020747,0.035977,0.005813,0.016091
pherc1667,pherc1667-w028,42,075000,58011300,88,0.5205,88,0.520535,True,88,0.520535,0.468800,128,68,113,71,0.033791,0.027698,0.015285,0.016133
pherc1667,pherc1667-w028,43,010000,58011300,107,0.5382,107,0.538233,True,107,0.538233,0.327594,128,86,116,104,0.014056,0.016829,0.003115,0.001231
pherc1667,pherc1667-w028,43,020000,58011300,108,0.5398,108,0.539834,True,108,0.539834,0.302132,128,84,116,106,0.020732,0.014703,0.003696,0.000358
pherc1667,pherc1667-w028,43,030000,58011300,81,0.5403,81,0.540256,True,81,0.540256,0.352841,128,76,111,76,0.063480,0.004289,0.030762,0.004289
pherc1667,pherc1667-w028,43,040000,58011300,78,0.552,78,0.551975,True,78,0.551975,0.424553,128,70,112,74,0.061401,0.015223,0.033621,0.002948
pherc1667,pherc1667-w028,43,050000,58011300,70,0.5147,70,0.514659,True,70,0.514659,0.421092,128,69,113,72,0.074603,0.000283,0.038589,0.000532
pherc1667,pherc1667-w028,43,060000,58011300,83,0.5069,83,0.506949,True,83,0.506949,0.454665,128,68,114,71,0.059502,0.012554,0.035612,0.005354
pherc1667,pherc1667-w028,43,075000,58011300,77,0.516,77,0.515976,True,77,0.515976,0.468800,128,68,113,69,0.074907,0.023432,0.041696,0.016522
pherc1667,pherc1667-w031,42,010000,49859685,97,0.5559,97,0.555927,True,97,0.555927,0.327594,128,86,111,94,0.041191,0.010851,0.010574,0.000649
pherc1667,pherc1667-w031,42,020000,49859685,79,0.5535,79,0.553463,True,79,0.553463,0.302132,128,84,112,85,0.090527,0.001941,0.053736,0.002628
pherc1667,pherc1667-w031,42,030000,49859685,74,0.5083,74,0.508293,True,74,0.508293,0.352841,128,76,109,77,0.132200,0.000686,0.071621,0.001719
pherc1667,pherc1667-w031,42,040000,49859685,76,0.501,76,0.500983,True,76,0.500983,0.424553,128,70,109,70,0.069755,0.004855,0.037233,0.004855
pherc1667,pherc1667-w031,42,050000,49859685,90,0.5199,90,0.519901,True,90,0.519901,0.421092,128,69,111,72,0.061870,0.027525,0.024879,0.018469
pherc1667,pherc1667-w031,42,060000,49859685,80,0.4909,80,0.490946,True,80,0.490946,0.454665,128,68,110,71,0.090551,0.016277,0.048124,0.007539
pherc1667,pherc1667-w031,42,075000,49859685,76,0.5204,76,0.520367,True,76,0.520367,0.468800,128,68,109,68,0.138534,0.013215,0.087411,0.013215
pherc1667,pherc1667-w031,43,010000,49859685,99,0.5632,99,0.563245,True,99,0.563245,0.327594,128,86,113,89,0.044109,0.017215,0.013411,0.009642
pherc1667,pherc1667-w031,43,020000,49859685,90,0.5686,90,0.568623,True,90,0.568623,0.302132,128,84,112,90,0.058854,0.004491,0.026797,0.000000
pherc1667,pherc1667-w031,43,030000,49859685,74,0.5491,74,0.549103,True,74,0.549103,0.352841,128,76,109,70,0.138369,0.001202,0.079619,0.005938
pherc1667,pherc1667-w031,43,040000,49859685,75,0.5172,75,0.517188,True,75,0.517188,0.424553,128,70,108,70,0.121224,0.007225,0.058822,0.007225
pherc1667,pherc1667-w031,43,050000,49859685,72,0.5203,72,0.520350,True,72,0.520350,0.421092,128,69,109,68,0.143889,0.004587,0.084124,0.008611
pherc1667,pherc1667-w031,43,060000,49859685,72,0.5099,72,0.509904,True,72,0.509904,0.454665,128,68,110,68,0.129867,0.007630,0.075515,0.007630
pherc1667,pherc1667-w031,43,075000,49859685,70,0.4979,70,0.497923,True,70,0.497923,0.468800,128,68,108,67,0.161978,0.001353,0.108001,0.005018
pherc1667,pherc1667-w023,42,010000,224818873,90,0.464,90,0.464034,True,90,0.464034,0.327594,128,86,111,91,0.059509,0.000687,0.022789,0.000036
pherc1667,pherc1667-w023,42,020000,224818873,77,0.4672,77,0.467227,True,77,0.467227,0.302132,128,84,110,82,0.063668,0.002125,0.027793,0.001281
pherc1667,pherc1667-w023,42,030000,224818873,70,0.4452,70,0.445185,True,70,0.445185,0.352841,128,76,108,74,0.120959,0.005755,0.075597,0.002475
pherc1667,pherc1667-w023,42,040000,224818873,69,0.4452,69,0.445213,True,69,0.445213,0.424553,128,70,109,70,0.067857,0.000212,0.037402,0.000212
pherc1667,pherc1667-w023,42,050000,224818873,71,0.4514,71,0.451411,True,71,0.451411,0.421092,128,69,111,69,0.077603,0.000667,0.053806,0.000667
pherc1667,pherc1667-w023,42,060000,224818873,72,0.4259,72,0.425863,True,72,0.425863,0.454665,128,68,110,69,0.079126,0.004274,0.043537,0.002347
pherc1667,pherc1667-w023,42,075000,224818873,70,0.4267,70,0.426678,True,70,0.426678,0.468800,128,68,109,67,0.093935,0.000582,0.051718,0.001489
pherc1667,pherc1667-w023,43,010000,224818873,92,0.4749,92,0.474857,True,92,0.474857,0.327594,128,86,112,88,0.050501,0.001750,0.019017,0.000709
pherc1667,pherc1667-w023,43,020000,224818873,86,0.4789,86,0.478856,True,86,0.478856,0.302132,128,84,111,86,0.048265,0.000226,0.021085,0.000000
pherc1667,pherc1667-w023,43,030000,224818873,72,0.4428,72,0.442810,True,72,0.442810,0.352841,128,76,108,69,0.096005,0.002316,0.053695,0.001876
pherc1667,pherc1667-w023,43,040000,224818873,71,0.4451,71,0.445120,True,71,0.445120,0.424553,128,70,108,69,0.085806,0.000309,0.056108,0.000990
pherc1667,pherc1667-w023,43,050000,224818873,67,0.4207,67,0.420697,True,67,0.420697,0.421092,128,69,108,67,0.088295,0.001302,0.058686,0.000000
pherc1667,pherc1667-w023,43,060000,224818873,68,0.4292,68,0.429241,True,68,0.429241,0.454665,128,68,109,67,0.095401,0.000000,0.059394,0.000119
pherc1667,pherc1667-w023,43,075000,224818873,67,0.4299,67,0.429877,True,67,0.429877,0.468800,128,68,109,66,0.091288,0.001767,0.062879,0.000605
pherc1667,pherc1667-w018,42,010000,226782350,86,0.479,86,0.478966,True,86,0.478966,0.327594,128,86,108,88,0.088027,0.000000,0.031221,0.000458
pherc1667,pherc1667-w018,42,020000,226782350,74,0.4597,74,0.459706,True,74,0.459706,0.302132,128,84,107,78,0.108376,0.007465,0.054300,0.001078
pherc1667,pherc1667-w018,42,030000,226782350,67,0.4238,67,0.423792,True,67,0.423792,0.352841,128,76,104,71,0.165272,0.021069,0.100884,0.006361
pherc1667,pherc1667-w018,42,040000,226782350,72,0.4535,72,0.453517,True,72,0.453517,0.424553,128,70,107,68,0.103134,0.000464,0.054492,0.002267
pherc1667,pherc1667-w018,42,050000,226782350,68,0.4475,68,0.447519,True,68,0.447519,0.421092,128,69,109,68,0.136894,0.000024,0.088806,0.000000
pherc1667,pherc1667-w018,42,060000,226782350,69,0.4314,69,0.431355,True,69,0.431356,0.454665,128,68,107,68,0.144094,0.000000,0.088837,0.000000
pherc1667,pherc1667-w018,42,075000,226782350,67,0.4311,67,0.431125,True,67,0.431125,0.468800,128,68,107,66,0.151286,0.000121,0.094967,0.001027
pherc1667,pherc1667-w018,43,010000,226782350,91,0.4795,91,0.479471,True,91,0.479471,0.327594,128,86,110,88,0.073514,0.003350,0.023070,0.001249
pherc1667,pherc1667-w018,43,020000,226782350,86,0.4766,86,0.476633,True,86,0.476633,0.302132,128,84,109,85,0.073730,0.000424,0.029666,0.000166
pherc1667,pherc1667-w018,43,030000,226782350,69,0.4377,69,0.437674,True,69,0.437675,0.352841,128,76,107,69,0.155690,0.012795,0.102222,0.000000
pherc1667,pherc1667-w018,43,040000,226782350,71,0.441,71,0.440998,True,71,0.440998,0.424553,128,70,107,68,0.143136,0.000090,0.088367,0.002441
pherc1667,pherc1667-w018,43,050000,226782350,68,0.4388,68,0.438807,True,68,0.438807,0.421092,128,69,107,66,0.165643,0.000366,0.112391,0.004840
pherc1667,pherc1667-w018,43,060000,226782350,67,0.4303,67,0.430283,True,67,0.430283,0.454665,128,68,107,66,0.163456,0.000371,0.107467,0.002354
pherc1667,pherc1667-w018,43,075000,226782350,67,0.4284,67,0.428401,True,67,0.428401,0.468800,128,68,107,66,0.175378,0.000879,0.122925,0.002386
pherc1667,pherc1667-w013,42,010000,184499386,89,0.5862,89,0.586222,True,89,0.586222,0.327594,128,86,111,94,0.083475,0.001520,0.035279,0.001962
pherc1667,pherc1667-w013,42,020000,184499386,81,0.5997,81,0.599680,True,81,0.599680,0.302132,128,84,110,84,0.091641,0.000516,0.041820,0.000516
pherc1667,pherc1667-w013,42,030000,184499386,79,0.5722,79,0.572205,True,79,0.572205,0.352841,128,76,108,75,0.143252,0.000683,0.067441,0.001494
pherc1667,pherc1667-w013,42,040000,184499386,77,0.5567,77,0.556690,True,77,0.556690,0.424553,128,70,110,71,0.062582,0.002149,0.024617,0.001172
pherc1667,pherc1667-w013,42,050000,184499386,78,0.5749,78,0.574931,True,78,0.574931,0.421092,128,69,112,71,0.083939,0.006334,0.046947,0.002798
pherc1667,pherc1667-w013,42,060000,184499386,73,0.537,73,0.537049,True,73,0.537049,0.454665,128,68,110,70,0.107813,0.004469,0.061234,0.001521
pherc1667,pherc1667-w013,42,075000,184499386,71,0.5607,71,0.560659,True,71,0.560659,0.468800,128,68,109,67,0.130454,0.004626,0.079626,0.008921
pherc1667,pherc1667-w013,43,010000,184499386,96,0.6074,96,0.607387,True,96,0.607387,0.327594,128,86,111,90,0.075131,0.010525,0.017360,0.003357
pherc1667,pherc1667-w013,43,020000,184499386,88,0.6009,88,0.600926,True,88,0.600926,0.302132,128,84,110,88,0.071791,0.001842,0.027798,0.000000
pherc1667,pherc1667-w013,43,030000,184499386,74,0.5849,74,0.584940,True,74,0.584940,0.352841,128,76,107,71,0.128048,0.000553,0.061097,0.003433
pherc1667,pherc1667-w013,43,040000,184499386,78,0.5935,78,0.593452,True,78,0.593452,0.424553,128,70,108,70,0.097540,0.013861,0.045937,0.013861
pherc1667,pherc1667-w013,43,050000,184499386,70,0.5882,70,0.588173,True,70,0.588173,0.421092,128,69,109,67,0.175012,0.000311,0.111287,0.004979
pherc1667,pherc1667-w013,43,060000,184499386,69,0.5754,69,0.575396,True,69,0.575396,0.454665,128,68,110,68,0.138797,0.001064,0.092182,0.001064
pherc1667,pherc1667-w013,43,075000,184499386,69,0.5627,69,0.562687,True,69,0.562687,0.468800,128,68,109,67,0.156121,0.000652,0.101479,0.004023
pherc0139,pherc0139-w016,42,010000,42684900,83,0.4806,83,0.480565,True,83,0.480664,0.360024,128,90,106,81,0.216302,0.013119,0.107668,0.002352
pherc0139,pherc0139-w016,42,020000,42684900,84,0.5018,84,0.501778,True,84,0.501917,0.361381,128,85,107,74,0.191183,0.000355,0.083486,0.022332
pherc0139,pherc0139-w016,42,030000,42684900,80,0.5444,80,0.544420,True,80,0.544546,0.441642,128,72,107,74,0.259251,0.074816,0.146600,0.042494
pherc0139,pherc0139-w016,42,040000,42684900,70,0.5134,70,0.513418,True,70,0.513546,0.457902,128,70,106,66,0.237758,0.000000,0.173453,0.034067
pherc0139,pherc0139-w016,42,050000,42684900,66,0.4342,66,0.434152,True,66,0.434236,0.432501,128,69,103,66,0.359610,0.026048,0.247191,0.000000
pherc0139,pherc0139-w016,42,060000,42684900,68,0.483,68,0.482989,True,68,0.483091,0.519172,128,68,105,65,0.236165,0.000000,0.168698,0.025337
pherc0139,pherc0139-w016,42,075000,42684900,70,0.4878,70,0.487751,True,70,0.487850,0.478803,128,67,107,66,0.257593,0.013329,0.188928,0.028799
pherc0139,pherc0139-w016,43,010000,42684900,87,0.4842,87,0.484180,True,87,0.484296,0.360024,128,90,107,82,0.289083,0.006289,0.116095,0.016311
pherc0139,pherc0139-w016,43,020000,42684900,90,0.5725,90,0.572491,True,90,0.572650,0.361381,128,85,108,77,0.103676,0.005471,0.036799,0.040090
pherc0139,pherc0139-w016,43,030000,42684900,93,0.4516,93,0.451581,True,93,0.451719,0.441642,128,72,107,70,0.108595,0.015498,0.021530,0.020149
pherc0139,pherc0139-w016,43,040000,42684900,74,0.4582,74,0.458173,True,74,0.458273,0.457902,128,70,106,68,0.145613,0.008752,0.054158,0.020694
pherc0139,pherc0139-w016,43,050000,42684900,71,0.4997,71,0.499692,True,71,0.499813,0.432501,128,69,105,65,0.164176,0.005332,0.084346,0.038807
pherc0139,pherc0139-w016,43,060000,42684900,77,0.5567,77,0.556733,True,77,0.556880,0.519172,128,68,108,65,0.173705,0.031254,0.099367,0.068179
pherc0139,pherc0139-w016,43,075000,42684900,74,0.5462,74,0.546172,True,74,0.546310,0.478803,128,67,107,65,0.191691,0.027859,0.121712,0.064948
pherc0139,pherc0139-w017,42,010000,42835351,120,0.6158,120,0.615835,True,120,0.615674,0.360024,128,90,112,84,0.002218,0.033714,0.003407,0.050213
pherc0139,pherc0139-w017,42,020000,42835351,131,0.5952,131,0.595214,True,131,0.595010,0.361381,128,85,111,78,0.000257,0.028737,0.007668,0.042547
pherc0139,pherc0139-w017,42,030000,42835351,127,0.6209,127,0.620877,True,127,0.620716,0.441642,128,72,112,77,0.000125,0.098164,0.005638,0.075541
pherc0139,pherc0139-w017,42,040000,42835351,121,0.5793,121,0.579303,True,121,0.579087,0.457902,128,70,112,68,0.000289,0.032449,0.002052,0.037133
pherc0139,pherc0139-w017,42,050000,42835351,108,0.5886,108,0.588589,True,108,0.588396,0.432501,128,69,109,68,0.014018,0.046269,0.000160,0.049936
pherc0139,pherc0139-w017,42,060000,42835351,122,0.5837,122,0.583710,True,122,0.583491,0.519172,128,68,111,66,0.000993,0.039456,0.000217,0.043842
pherc0139,pherc0139-w017,42,075000,42835351,129,0.5886,129,0.588573,True,129,0.588361,0.478803,128,67,112,67,0.000003,0.049599,0.006784,0.049599
pherc0139,pherc0139-w017,43,010000,42835351,117,0.6039,117,0.603876,True,117,0.603706,0.360024,128,90,113,84,0.009072,0.028520,0.001377,0.043551
pherc0139,pherc0139-w017,43,020000,42835351,137,0.6386,137,0.638609,True,137,0.638431,0.361381,128,85,113,82,0.000729,0.047857,0.005534,0.056797
pherc0139,pherc0139-w017,43,030000,42835351,147,0.6302,147,0.630190,True,147,0.630006,0.441642,128,72,112,73,0.006112,0.082763,0.017396,0.079092
pherc0139,pherc0139-w017,43,040000,42835351,129,0.5888,129,0.588791,True,129,0.588610,0.457902,128,70,111,70,0.000066,0.055374,0.001759,0.055374
pherc0139,pherc0139-w017,43,050000,42835351,114,0.6189,114,0.618877,True,114,0.618723,0.432501,128,69,109,67,0.003616,0.060787,0.001450,0.069943
pherc0139,pherc0139-w017,43,060000,42835351,112,0.5916,112,0.591628,True,112,0.591437,0.519172,128,68,112,66,0.004903,0.047877,0.000000,0.053596
pherc0139,pherc0139-w017,43,075000,42835351,124,0.5914,124,0.591382,True,124,0.591171,0.478803,128,67,111,66,0.000416,0.056193,0.004763,0.059735
pherc0139,pherc0139-w028,42,010000,41464704,96,0.6149,96,0.614895,True,96,0.614895,0.360024,128,90,110,84,0.092783,0.007693,0.019546,0.030055
pherc0139,pherc0139-w028,42,020000,41464704,99,0.6238,99,0.623837,True,99,0.623837,0.361381,128,85,113,80,0.034394,0.018529,0.010885,0.037937
pherc0139,pherc0139-w028,42,030000,41464704,112,0.636,112,0.635979,True,112,0.635979,0.441642,128,72,114,79,0.016526,0.166365,0.000049,0.105608
pherc0139,pherc0139-w028,42,040000,41464704,99,0.649,99,0.649020,True,99,0.649020,0.457902,128,70,112,69,0.043440,0.086915,0.012629,0.097583
pherc0139,pherc0139-w028,42,050000,41464704,81,0.6088,81,0.608802,True,81,0.608802,0.432501,128,69,106,68,0.142917,0.047145,0.056633,0.057402
pherc0139,pherc0139-w028,42,060000,41464704,89,0.5876,89,0.587569,True,89,0.587569,0.519172,128,68,110,66,0.069419,0.051306,0.022272,0.074761
pherc0139,pherc0139-w028,42,075000,41464704,97,0.5978,97,0.597799,True,97,0.597799,0.478803,128,67,112,68,0.043941,0.071891,0.012387,0.060968
pherc0139,pherc0139-w028,43,010000,41464704,95,0.6132,95,0.613208,True,95,0.613208,0.360024,128,90,112,84,0.095109,0.005131,0.025748,0.031188
pherc0139,pherc0139-w028,43,020000,41464704,103,0.682,103,0.681956,True,103,0.681956,0.361381,128,85,113,83,0.030796,0.036100,0.004118,0.044562
pherc0139,pherc0139-w028,43,030000,41464704,102,0.6635,102,0.663512,True,102,0.663512,0.441642,128,72,112,74,0.037722,0.104655,0.007188,0.087769
pherc0139,pherc0139-w028,43,040000,41464704,90,0.6377,90,0.637712,True,90,0.637712,0.457902,128,70,111,72,0.055347,0.082014,0.015969,0.065129
pherc0139,pherc0139-w028,43,050000,41464704,93,0.6642,93,0.664160,True,93,0.664160,0.432501,128,69,109,69,0.044949,0.083800,0.010989,0.083800
pherc0139,pherc0139-w028,43,060000,41464704,100,0.6393,100,0.639344,True,100,0.639344,0.519172,128,68,112,67,0.033589,0.092411,0.007514,0.104062
pherc0139,pherc0139-w028,43,075000,41464704,89,0.6157,89,0.615715,True,89,0.615715,0.478803,128,67,111,67,0.046928,0.079206,0.020209,0.079206
pherc0139,pherc0139-w029,42,010000,41188858,94,0.7141,94,0.714127,True,94,0.731436,0.360024,128,90,105,82,0.189899,0.009602,0.024657,0.063883
pherc0139,pherc0139-w029,42,020000,41188858,78,0.6949,78,0.694947,True,78,0.704964,0.361381,128,85,107,76,0.197104,0.013510,0.096858,0.001847
pherc0139,pherc0139-w029,42,030000,41188858,76,0.6556,76,0.655611,True,78,0.693786,0.441642,128,72,108,76,0.127187,0.034564,0.055419,0.001616
pherc0139,pherc0139-w029,42,040000,41188858,77,0.7011,77,0.701138,True,79,0.736157,0.457902,128,70,106,67,0.163961,0.022927,0.065815,0.051360
pherc0139,pherc0139-w029,42,050000,41188858,66,0.5845,66,0.584506,True,67,0.614800,0.432501,128,69,101,67,0.406585,0.010996,0.266339,0.000000
pherc0139,pherc0139-w029,42,060000,41188858,69,0.6738,69,0.673822,True,70,0.699976,0.519172,128,68,106,65,0.275640,0.003506,0.176290,0.040755
pherc0139,pherc0139-w029,42,075000,41188858,68,0.6493,68,0.649274,True,73,0.680119,0.478803,128,67,108,66,0.160168,0.011265,0.073594,0.028462
pherc0139,pherc0139-w029,43,010000,41188858,90,0.6395,90,0.639524,True,90,0.661770,0.360024,128,90,108,82,0.235497,0.000000,0.075180,0.042265
pherc0139,pherc0139-w029,43,020000,41188858,84,0.6804,84,0.680445,True,90,0.695938,0.361381,128,85,109,78,0.116836,0.000419,0.030634,0.007553
pherc0139,pherc0139-w029,43,030000,41188858,88,0.7362,88,0.736247,True,88,0.740016,0.441642,128,72,107,71,0.201376,0.059980,0.051082,0.067427
pherc0139,pherc0139-w029,43,040000,41188858,89,0.6765,89,0.676476,True,87,0.682889,0.457902,128,70,105,69,0.091573,0.032530,0.033204,0.040649
pherc0139,pherc0139-w029,43,050000,41188858,76,0.6999,76,0.699890,True,76,0.710108,0.432501,128,69,105,67,0.159394,0.004303,0.064214,0.008818
pherc0139,pherc0139-w029,43,060000,41188858,80,0.6489,80,0.648901,True,80,0.656659,0.519172,128,68,107,66,0.091989,0.021455,0.037611,0.047962
pherc0139,pherc0139-w029,43,075000,41188858,71,0.6415,71,0.641531,True,73,0.660388,0.478803,128,67,106,66,0.163402,0.012739,0.097117,0.022275
pherc0139,pherc0139-w035,42,010000,24009823,87,0.7003,87,0.700254,True,87,0.700254,0.360024,128,90,104,81,0.216612,0.003929,0.065092,0.014617
pherc0139,pherc0139-w035,42,020000,24009823,79,0.7219,79,0.721914,True,79,0.721914,0.361381,128,85,107,74,0.155522,0.004345,0.053405,0.007315
pherc0139,pherc0139-w035,42,030000,24009823,80,0.6883,80,0.688326,True,80,0.688326,0.441642,128,72,108,74,0.174491,0.040348,0.084479,0.022215
pherc0139,pherc0139-w035,42,040000,24009823,80,0.6803,80,0.680338,True,80,0.680338,0.457902,128,70,106,66,0.151998,0.020453,0.063158,0.054032
pherc0139,pherc0139-w035,42,050000,24009823,69,0.6524,69,0.652398,True,69,0.652398,0.432501,128,69,99,66,0.226070,0.000000,0.125177,0.017732
pherc0139,pherc0139-w035,42,060000,24009823,70,0.6923,70,0.692310,True,70,0.692310,0.519172,128,68,105,65,0.168969,0.007191,0.102254,0.045381
pherc0139,pherc0139-w035,42,075000,24009823,77,0.6717,77,0.671735,True,77,0.671735,0.478803,128,67,106,66,0.097559,0.011890,0.031823,0.021812
pherc0139,pherc0139-w035,43,010000,24009823,89,0.6627,89,0.662710,True,89,0.662710,0.360024,128,90,108,82,0.211294,0.000812,0.076051,0.016525
pherc0139,pherc0139-w035,43,020000,24009823,84,0.7081,84,0.708098,True,84,0.708098,0.361381,128,85,108,76,0.069670,0.000064,0.017984,0.016554
pherc0139,pherc0139-w035,43,030000,24009823,80,0.6796,80,0.679556,True,80,0.679556,0.441642,128,72,106,69,0.130935,0.013752,0.061933,0.030830
pherc0139,pherc0139-w035,43,040000,24009823,78,0.6925,78,0.692459,True,78,0.692459,0.457902,128,70,105,68,0.169775,0.018589,0.072961,0.031280
pherc0139,pherc0139-w035,43,050000,24009823,78,0.7174,78,0.717351,True,78,0.717351,0.432501,128,69,105,65,0.116187,0.014186,0.041292,0.047229
pherc0139,pherc0139-w035,43,060000,24009823,77,0.7284,77,0.728377,True,77,0.728377,0.519172,128,68,107,65,0.150524,0.035680,0.078231,0.086357
pherc0139,pherc0139-w035,43,075000,24009823,78,0.7399,78,0.739865,True,78,0.739865,0.478803,128,67,106,65,0.188794,0.044321,0.077953,0.084923
pherc0139,pherc0139-w039,42,010000,39243090,79,0.5855,79,0.585512,True,79,0.585512,0.360024,128,90,99,80,0.235806,0.031349,0.060572,0.000650
pherc0139,pherc0139-w039,42,020000,39243090,75,0.6157,75,0.615694,True,75,0.615694,0.361381,128,85,98,72,0.274692,0.017552,0.074387,0.003036
pherc0139,pherc0139-w039,42,030000,39243090,72,0.5673,72,0.567316,True,72,0.567316,0.441642,128,72,100,73,0.286707,0.000000,0.161151,0.002255
pherc0139,pherc0139-w039,42,040000,39243090,66,0.5714,66,0.571449,True,66,0.571449,0.457902,128,70,98,66,0.313267,0.025750,0.183843,0.000000
pherc0139,pherc0139-w039,42,050000,39243090,65,0.5087,65,0.508694,True,65,0.508694,0.432501,128,69,93,66,0.392588,0.011145,0.211560,0.000389
pherc0139,pherc0139-w039,42,060000,39243090,65,0.5718,65,0.571752,True,65,0.571752,0.519172,128,68,98,65,0.374521,0.018659,0.238826,0.000000
pherc0139,pherc0139-w039,42,075000,39243090,65,0.5573,65,0.557285,True,65,0.557285,0.478803,128,67,99,65,0.249482,0.007806,0.121456,0.000000
pherc0139,pherc0139-w039,43,010000,39243090,82,0.583,82,0.583047,True,82,0.583047,0.360024,128,90,102,81,0.266451,0.027931,0.104850,0.000370
pherc0139,pherc0139-w039,43,020000,39243090,79,0.6544,79,0.654394,True,79,0.654394,0.361381,128,85,104,75,0.111722,0.001050,0.022942,0.005966
pherc0139,pherc0139-w039,43,030000,39243090,73,0.6096,73,0.609563,True,73,0.609563,0.441642,128,72,100,69,0.244977,0.000927,0.103667,0.011470
pherc0139,pherc0139-w039,43,040000,39243090,79,0.5781,79,0.578120,True,79,0.578120,0.457902,128,70,98,67,0.210959,0.018223,0.042750,0.030687
pherc0139,pherc0139-w039,43,050000,39243090,68,0.6276,68,0.627558,True,68,0.627558,0.432501,128,69,99,65,0.265764,0.001340,0.148385,0.008966
pherc0139,pherc0139-w039,43,060000,39243090,70,0.634,70,0.634033,True,70,0.634033,0.519172,128,68,102,65,0.259058,0.005600,0.136742,0.030120
pherc0139,pherc0139-w039,43,075000,39243090,69,0.6199,69,0.619863,True,69,0.619863,0.478803,128,67,99,65,0.262137,0.001913,0.128420,0.016751
pherc0139,pherc0139-w040,42,010000,41544403,81,0.6835,81,0.683458,True,81,0.683458,0.360024,128,90,104,81,0.251334,0.023325,0.102002,0.000000
pherc0139,pherc0139-w040,42,020000,41544403,74,0.6835,74,0.683507,True,74,0.683507,0.361381,128,85,106,74,0.223796,0.019225,0.109569,0.000000
pherc0139,pherc0139-w040,42,030000,41544403,77,0.6796,77,0.679556,True,77,0.679556,0.441642,128,72,107,74,0.209031,0.008209,0.105805,0.002030
pherc0139,pherc0139-w040,42,040000,41544403,66,0.6464,66,0.646445,True,66,0.646445,0.457902,128,70,105,66,0.264187,0.009260,0.151587,0.000000
pherc0139,pherc0139-w040,42,050000,41544403,64,0.6335,64,0.633527,True,64,0.633527,0.432501,128,69,101,66,0.332316,0.015974,0.218050,0.002937
pherc0139,pherc0139-w040,42,060000,41544403,65,0.6399,65,0.639896,True,65,0.639896,0.519172,128,68,104,65,0.266057,0.007290,0.181333,0.000000
pherc0139,pherc0139-w040,42,075000,41544403,65,0.6445,65,0.644495,True,65,0.644495,0.478803,128,67,106,66,0.226145,0.001788,0.144397,0.000534
pherc0139,pherc0139-w040,43,010000,41544403,78,0.6708,78,0.670843,True,78,0.670843,0.360024,128,90,108,82,0.293593,0.053869,0.177797,0.007493
pherc0139,pherc0139-w040,43,020000,41544403,79,0.7033,79,0.703258,True,79,0.703258,0.361381,128,85,108,76,0.138956,0.006137,0.070193,0.001746
pherc0139,pherc0139-w040,43,030000,41544403,73,0.6695,73,0.669494,True,73,0.669494,0.441642,128,72,106,70,0.168434,0.000199,0.078982,0.002647
pherc0139,pherc0139-w040,43,040000,41544403,72,0.6797,72,0.679676,True,72,0.679676,0.457902,128,70,103,68,0.253842,0.001466,0.113485,0.004732
pherc0139,pherc0139-w040,43,050000,41544403,66,0.6625,66,0.662497,True,66,0.662497,0.432501,128,69,104,65,0.191052,0.000904,0.093958,0.001020
pherc0139,pherc0139-w040,43,060000,41544403,65,0.6484,65,0.648402,True,65,0.648402,0.519172,128,68,106,65,0.187081,0.004364,0.106966,0.000000
pherc0139,pherc0139-w040,43,075000,41544403,64,0.6455,64,0.645468,True,64,0.645468,0.478803,128,67,105,65,0.213319,0.007538,0.128679,0.000166
pherc0139,pherc0139-w041,42,010000,41018482,81,0.6766,81,0.676577,True,81,0.676577,0.360024,128,90,104,80,0.181919,0.021635,0.067062,0.000243
pherc0139,pherc0139-w041,42,020000,41018482,72,0.6651,72,0.665089,True,72,0.665089,0.361381,128,85,107,74,0.195883,0.025378,0.096992,0.001629
pherc0139,pherc0139-w041,42,030000,41018482,81,0.6571,81,0.657101,True,81,0.657101,0.441642,128,72,107,75,0.123532,0.008397,0.047373,0.004225
pherc0139,pherc0139-w041,42,040000,41018482,69,0.7277,69,0.727738,True,69,0.727738,0.457902,128,70,106,67,0.245519,0.000533,0.151456,0.005677
pherc0139,pherc0139-w041,42,050000,41018482,66,0.6678,66,0.667812,True,66,0.667812,0.432501,128,69,102,66,0.436448,0.018252,0.270728,0.000000
pherc0139,pherc0139-w041,42,060000,41018482,67,0.6355,67,0.635519,True,67,0.635519,0.519172,128,68,106,65,0.241023,0.000623,0.126692,0.002303
pherc0139,pherc0139-w041,42,075000,41018482,68,0.652,68,0.651968,True,68,0.651968,0.478803,128,67,107,66,0.169790,0.000149,0.097148,0.001287
pherc0139,pherc0139-w041,43,010000,41018482,78,0.6554,78,0.655440,True,78,0.655440,0.360024,128,90,108,82,0.230823,0.035538,0.129232,0.007263
pherc0139,pherc0139-w041,43,020000,41018482,80,0.734,80,0.734047,True,80,0.734047,0.361381,128,85,107,76,0.117844,0.003847,0.043565,0.007627
pherc0139,pherc0139-w041,43,030000,41018482,70,0.725,70,0.725047,True,70,0.725047,0.441642,128,72,106,70,0.280260,0.003237,0.185321,0.000000
pherc0139,pherc0139-w041,43,040000,41018482,70,0.6756,70,0.675620,True,70,0.675620,0.457902,128,70,103,68,0.237413,0.000000,0.111725,0.003054
pherc0139,pherc0139-w041,43,050000,41018482,69,0.6908,69,0.690837,True,69,0.690837,0.432501,128,69,105,65,0.203668,0.000000,0.101925,0.005217
pherc0139,pherc0139-w041,43,060000,41018482,72,0.6915,72,0.691523,True,72,0.691523,0.519172,128,68,107,65,0.241590,0.003647,0.139093,0.015588
pherc0139,pherc0139-w041,43,075000,41018482,66,0.6745,66,0.674514,True,66,0.674514,0.478803,128,67,106,65,0.260702,0.003041,0.181783,0.000856
pherc0139,pherc0139-w043,42,010000,41392903,105,0.7491,105,0.749095,True,105,0.749095,0.360024,128,90,110,85,0.051297,0.014888,0.001812,0.027725
pherc0139,pherc0139-w043,42,020000,41392903,91,0.7518,91,0.751773,True,91,0.751773,0.361381,128,85,112,80,0.066283,0.003493,0.024496,0.011655
pherc0139,pherc0139-w043,42,030000,41392903,103,0.7361,103,0.736133,True,103,0.736133,0.441642,128,72,114,80,0.028836,0.068051,0.007158,0.033204
pherc0139,pherc0139-w043,42,040000,41392903,66,0.7137,66,0.713681,True,66,0.713681,0.457902,128,70,111,69,0.166158,0.006752,0.103108,0.005387
pherc0139,pherc0139-w043,42,050000,41392903,72,0.7152,72,0.715249,True,72,0.715249,0.432501,128,69,107,68,0.254889,0.004248,0.155413,0.008167
pherc0139,pherc0139-w043,42,060000,41392903,88,0.7415,88,0.741458,True,88,0.741458,0.519172,128,68,110,66,0.047573,0.031925,0.013804,0.040136
pherc0139,pherc0139-w043,42,075000,41392903,77,0.7411,77,0.741052,True,77,0.741052,0.478803,128,67,111,68,0.064601,0.024975,0.032064,0.018473
pherc0139,pherc0139-w043,43,010000,41392903,99,0.7575,99,0.757523,True,99,0.757523,0.360024,128,90,113,84,0.093675,0.011700,0.025143,0.029639
pherc0139,pherc0139-w043,43,020000,41392903,110,0.7617,110,0.761669,True,110,0.761669,0.361381,128,85,114,83,0.013109,0.021656,0.000497,0.023731
pherc0139,pherc0139-w043,43,030000,41392903,92,0.7262,92,0.726177,True,92,0.726177,0.441642,128,72,112,74,0.030163,0.009717,0.007308,0.006773
pherc0139,pherc0139-w043,43,040000,41392903,89,0.7255,89,0.725526,True,89,0.725526,0.457902,128,70,111,72,0.056413,0.027987,0.020053,0.023077
pherc0139,pherc0139-w043,43,050000,41392903,78,0.7135,78,0.713539,True,78,0.713539,0.432501,128,69,110,69,0.062063,0.014532,0.032391,0.014532
pherc0139,pherc0139-w043,43,060000,41392903,85,0.7,85,0.699983,True,85,0.699983,0.519172,128,68,111,67,0.089506,0.020318,0.041210,0.022494
pherc0139,pherc0139-w043,43,075000,41392903,90,0.7037,90,0.703724,True,90,0.703724,0.478803,128,67,111,67,0.058239,0.025055,0.020385,0.025055
