arm,segment,kind,tag,best_f1,best_threshold,precision,recall
noParis4,phercparis4-w00,seed_mean,010000,0.4061,88,0.2962,0.6452
noParis4,phercparis4-w00,seed_mean,020000,0.4255,91,0.3216,0.6286
noParis4,phercparis4-w00,seed_mean,030000,0.3851,66,0.2474,0.8686
noParis4,phercparis4-w00,seed_mean,040000,0.3847,64,0.2445,0.9017
noParis4,phercparis4-w00,seed_mean,050000,0.3887,67,0.2558,0.8091
noParis4,phercparis4-w00,seed_mean,060000,0.3839,65,0.2484,0.8445
noParis4,phercparis4-w00,seed_mean,075000,0.3839,64,0.2456,0.8790
noParis4,phercparis4-w00,step_mean,s42,0.4063,83,0.2902,0.6772
noParis4,phercparis4-w00,step_mean,s43,0.4081,81,0.2859,0.7130
noParis4,phercparis4-w01,seed_mean,010000,0.4612,89,0.3638,0.6299
noParis4,phercparis4-w01,seed_mean,020000,0.4710,88,0.3649,0.6643
noParis4,phercparis4-w01,seed_mean,030000,0.4521,74,0.3230,0.7531
noParis4,phercparis4-w01,seed_mean,040000,0.4334,68,0.2985,0.7905
noParis4,phercparis4-w01,seed_mean,050000,0.4496,73,0.3276,0.7164
noParis4,phercparis4-w01,seed_mean,060000,0.4429,70,0.3096,0.7779
noParis4,phercparis4-w01,seed_mean,075000,0.4369,69,0.3097,0.7419
noParis4,phercparis4-w01,step_mean,s42,0.4702,86,0.3651,0.6604
noParis4,phercparis4-w01,step_mean,s43,0.4595,86,0.3551,0.6505
noParis4,phercparis4-w02,seed_mean,010000,0.4011,82,0.2685,0.7922
noParis4,phercparis4-w02,seed_mean,020000,0.4233,96,0.3462,0.5444
noParis4,phercparis4-w02,seed_mean,030000,0.4238,76,0.3012,0.7144
noParis4,phercparis4-w02,seed_mean,040000,0.3981,67,0.2654,0.7961
noParis4,phercparis4-w02,seed_mean,050000,0.4148,71,0.2888,0.7357
noParis4,phercparis4-w02,seed_mean,060000,0.4106,70,0.2789,0.7785
noParis4,phercparis4-w02,seed_mean,075000,0.3958,71,0.2799,0.6754
noParis4,phercparis4-w02,step_mean,s42,0.4173,79,0.2871,0.7636
noParis4,phercparis4-w02,step_mean,s43,0.4192,81,0.2942,0.7284
noParis4,phercparis4-w03,seed_mean,010000,0.5174,77,0.3621,0.9060
noParis4,phercparis4-w03,seed_mean,020000,0.5319,76,0.3924,0.8253
noParis4,phercparis4-w03,seed_mean,030000,0.5344,70,0.3952,0.8249
noParis4,phercparis4-w03,seed_mean,040000,0.5271,66,0.3776,0.8727
noParis4,phercparis4-w03,seed_mean,050000,0.5285,68,0.3832,0.8513
noParis4,phercparis4-w03,seed_mean,060000,0.5252,66,0.3727,0.8885
noParis4,phercparis4-w03,seed_mean,075000,0.5205,65,0.3720,0.8667
noParis4,phercparis4-w03,step_mean,s42,0.5271,75,0.3848,0.8366
noParis4,phercparis4-w03,step_mean,s43,0.5274,76,0.3881,0.8230
noParis4,phercparis4-w05,seed_mean,010000,0.3720,85,0.2595,0.6569
noParis4,phercparis4-w05,seed_mean,020000,0.3991,88,0.2960,0.6122
noParis4,phercparis4-w05,seed_mean,030000,0.3817,73,0.2616,0.7058
noParis4,phercparis4-w05,seed_mean,040000,0.3686,67,0.2437,0.7563
noParis4,phercparis4-w05,seed_mean,050000,0.3735,71,0.2575,0.6800
noParis4,phercparis4-w05,seed_mean,060000,0.3680,69,0.2481,0.7118
noParis4,phercparis4-w05,seed_mean,075000,0.3645,67,0.2439,0.7213
noParis4,phercparis4-w05,step_mean,s42,0.3876,83,0.2774,0.6431
noParis4,phercparis4-w05,step_mean,s43,0.3902,85,0.2852,0.6175
noParis4,phercparis4-w06,seed_mean,010000,0.4789,78,0.3271,0.8939
noParis4,phercparis4-w06,seed_mean,020000,0.5061,80,0.3747,0.7791
noParis4,phercparis4-w06,seed_mean,030000,0.4945,70,0.3527,0.8271
noParis4,phercparis4-w06,seed_mean,040000,0.4802,65,0.3309,0.8753
noParis4,phercparis4-w06,seed_mean,050000,0.4870,68,0.3451,0.8273
noParis4,phercparis4-w06,seed_mean,060000,0.4827,67,0.3409,0.8263
noParis4,phercparis4-w06,seed_mean,075000,0.4820,65,0.3362,0.8509
noParis4,phercparis4-w06,step_mean,s42,0.4949,77,0.3575,0.8040
noParis4,phercparis4-w06,step_mean,s43,0.4937,78,0.3585,0.7926
noParis4,phercparis4-w07,seed_mean,010000,0.5504,93,0.5037,0.6068
noParis4,phercparis4-w07,seed_mean,020000,0.5691,98,0.5341,0.6089
noParis4,phercparis4-w07,seed_mean,030000,0.5426,82,0.4704,0.6409
noParis4,phercparis4-w07,seed_mean,040000,0.5146,73,0.4223,0.6587
noParis4,phercparis4-w07,seed_mean,050000,0.5284,77,0.4357,0.6711
noParis4,phercparis4-w07,seed_mean,060000,0.5157,74,0.4101,0.6944
noParis4,phercparis4-w07,seed_mean,075000,0.5111,73,0.4192,0.6545
noParis4,phercparis4-w07,step_mean,s42,0.5618,90,0.5044,0.6340
noParis4,phercparis4-w07,step_mean,s43,0.5559,95,0.5316,0.5827
noParis4,phercparis4-w09,seed_mean,010000,0.5727,106,0.5288,0.6246
noParis4,phercparis4-w09,seed_mean,020000,0.6115,116,0.5815,0.6447
noParis4,phercparis4-w09,seed_mean,030000,0.5567,95,0.4847,0.6538
noParis4,phercparis4-w09,seed_mean,040000,0.5339,84,0.4447,0.6678
noParis4,phercparis4-w09,seed_mean,050000,0.5611,92,0.4750,0.6853
noParis4,phercparis4-w09,seed_mean,060000,0.5297,84,0.4223,0.7105
noParis4,phercparis4-w09,seed_mean,075000,0.5267,84,0.4388,0.6586
noParis4,phercparis4-w09,step_mean,s42,0.5923,101,0.5255,0.6787
noParis4,phercparis4-w09,step_mean,s43,0.5875,107,0.5396,0.6446
no1667,pherc1667-w013,seed_mean,010000,0.6085,93,0.5588,0.6679
no1667,pherc1667-w013,seed_mean,020000,0.6177,86,0.5618,0.6860
no1667,pherc1667-w013,seed_mean,030000,0.6015,79,0.5630,0.6457
no1667,pherc1667-w013,seed_mean,040000,0.5990,85,0.5675,0.6340
no1667,pherc1667-w013,seed_mean,050000,0.6023,77,0.5546,0.6589
no1667,pherc1667-w013,seed_mean,060000,0.5694,76,0.5180,0.6322
no1667,pherc1667-w013,seed_mean,075000,0.5770,72,0.5054,0.6723
no1667,pherc1667-w013,step_mean,s42,0.6110,85,0.5727,0.6548
no1667,pherc1667-w013,step_mean,s43,0.6263,89,0.5777,0.6837
no1667,pherc1667-w018,seed_mean,010000,0.4898,90,0.4208,0.5859
no1667,pherc1667-w018,seed_mean,020000,0.4880,80,0.4074,0.6085
no1667,pherc1667-w018,seed_mean,030000,0.4433,69,0.3589,0.5796
no1667,pherc1667-w018,seed_mean,040000,0.4674,74,0.3982,0.5658
no1667,pherc1667-w018,seed_mean,050000,0.4592,69,0.3739,0.5947
no1667,pherc1667-w018,seed_mean,060000,0.4504,70,0.3692,0.5773
no1667,pherc1667-w018,seed_mean,075000,0.4503,69,0.3812,0.5501
no1667,pherc1667-w018,step_mean,s42,0.4782,79,0.4003,0.5937
no1667,pherc1667-w018,step_mean,s43,0.4897,82,0.4189,0.5894
no1667,pherc1667-w023,seed_mean,010000,0.4744,91,0.4068,0.5689
no1667,pherc1667-w023,seed_mean,020000,0.4847,82,0.4128,0.5868
no1667,pherc1667-w023,seed_mean,030000,0.4528,71,0.3752,0.5709
no1667,pherc1667-w023,seed_mean,040000,0.4620,73,0.3824,0.5834
no1667,pherc1667-w023,seed_mean,050000,0.4484,70,0.3656,0.5796
no1667,pherc1667-w023,seed_mean,060000,0.4417,77,0.4033,0.4883
no1667,pherc1667-w023,seed_mean,075000,0.4362,69,0.3587,0.5565
no1667,pherc1667-w023,step_mean,s42,0.4786,80,0.3957,0.6054
no1667,pherc1667-w023,step_mean,s43,0.4833,82,0.4099,0.5886
no1667,pherc1667-w028,seed_mean,010000,0.5482,97,0.4335,0.7457
no1667,pherc1667-w028,seed_mean,020000,0.5299,103,0.4465,0.6517
no1667,pherc1667-w028,seed_mean,030000,0.5254,93,0.4706,0.5947
no1667,pherc1667-w028,seed_mean,040000,0.5387,97,0.4772,0.6185
no1667,pherc1667-w028,seed_mean,050000,0.5345,87,0.4294,0.7077
no1667,pherc1667-w028,seed_mean,060000,0.5161,95,0.4383,0.6274
no1667,pherc1667-w028,seed_mean,075000,0.5383,85,0.4435,0.6847
no1667,pherc1667-w028,step_mean,s42,0.5195,103,0.4513,0.6120
no1667,pherc1667-w028,step_mean,s43,0.5463,110,0.5159,0.5804
no1667,pherc1667-w029,seed_mean,010000,0.5807,102,0.5327,0.6383
no0139,pherc0139-w016,seed_mean,010000,0.4992,86,0.4175,0.6207
no1667,pherc1667-w029,seed_mean,020000,0.6040,98,0.5639,0.6504
no0139,pherc0139-w016,seed_mean,020000,0.5677,84,0.5368,0.6024
no1667,pherc1667-w029,seed_mean,030000,0.5643,79,0.4973,0.6522
no0139,pherc0139-w016,seed_mean,030000,0.5508,84,0.5035,0.6079
no0139,pherc0139-w016,seed_mean,040000,0.5211,82,0.5467,0.4978
no1667,pherc1667-w029,seed_mean,040000,0.5766,89,0.5507,0.6051
no0139,pherc0139-w016,seed_mean,050000,0.4906,69,0.4119,0.6065
no1667,pherc1667-w029,seed_mean,050000,0.5649,90,0.5381,0.5947
no1667,pherc1667-w029,seed_mean,060000,0.5696,82,0.5116,0.6424
no1667,pherc1667-w029,seed_mean,075000,0.5655,76,0.4922,0.6645
no1667,pherc1667-w029,step_mean,s42,0.5936,95,0.5468,0.6491
no1667,pherc1667-w029,step_mean,s43,0.5922,93,0.5447,0.6487
no1667,pherc1667-w031,seed_mean,010000,0.5708,101,0.5695,0.5720
no1667,pherc1667-w031,seed_mean,020000,0.5825,84,0.5287,0.6486
no1667,pherc1667-w031,seed_mean,030000,0.5473,80,0.5364,0.5587
no1667,pherc1667-w031,seed_mean,040000,0.5285,79,0.4953,0.5664
no1667,pherc1667-w031,seed_mean,050000,0.5432,84,0.5633,0.5244
no1667,pherc1667-w031,seed_mean,060000,0.5206,85,0.5389,0.5034
no1667,pherc1667-w031,seed_mean,075000,0.5331,73,0.4910,0.5831
no1667,pherc1667-w031,step_mean,s42,0.5644,87,0.5232,0.6126
no1667,pherc1667-w031,step_mean,s43,0.5794,88,0.5697,0.5893
no0139,pherc0139-w016,seed_mean,060000,0.5422,78,0.5247,0.5608
no0139,pherc0139-w016,seed_mean,075000,0.5239,75,0.4709,0.5902
no0139,pherc0139-w016,step_mean,s42,0.5509,83,0.4821,0.6426
no0139,pherc0139-w016,step_mean,s43,0.5308,86,0.4945,0.5728
no0139,pherc0139-w017,seed_mean,010000,0.6227,119,0.5686,0.6880
no0139,pherc0139-w017,seed_mean,020000,0.6328,135,0.5907,0.6813
no0139,pherc0139-w017,seed_mean,030000,0.6354,139,0.6057,0.6681
no0139,pherc0139-w017,seed_mean,040000,0.5885,120,0.5305,0.6609
no0139,pherc0139-w017,seed_mean,050000,0.6197,116,0.5637,0.6881
no0139,pherc0139-w017,seed_mean,060000,0.6007,129,0.5707,0.6341
no0139,pherc0139-w017,seed_mean,075000,0.5979,134,0.5780,0.6193
no0139,pherc0139-w017,step_mean,s42,0.6231,133,0.5952,0.6538
no0139,pherc0139-w017,step_mean,s43,0.6323,136,0.6005,0.6678
no0139,pherc0139-w028,seed_mean,010000,0.6250,97,0.6029,0.6487
no0139,pherc0139-w028,seed_mean,020000,0.6873,105,0.6549,0.7231
no0139,pherc0139-w028,seed_mean,030000,0.6649,110,0.6635,0.6662
no0139,pherc0139-w028,seed_mean,040000,0.6753,96,0.6328,0.7240
no0139,pherc0139-w028,seed_mean,050000,0.6661,93,0.6518,0.6811
no0139,pherc0139-w028,seed_mean,060000,0.6285,92,0.5699,0.7005
no0139,pherc0139-w028,seed_mean,075000,0.6281,93,0.5897,0.6719
no0139,pherc0139-w028,step_mean,s42,0.6578,105,0.6557,0.6599
no0139,pherc0139-w028,step_mean,s43,0.6860,101,0.6419,0.7366
no0139,pherc0139-w029,seed_mean,010000,0.7036,93,0.7251,0.6833
no0139,pherc0139-w029,seed_mean,020000,0.7478,83,0.7240,0.7732
no0139,pherc0139-w029,seed_mean,030000,0.7303,86,0.7101,0.7517
no0139,pherc0139-w029,seed_mean,040000,0.7339,78,0.6812,0.7955
no0139,pherc0139-w029,seed_mean,050000,0.6955,73,0.6444,0.7554
no0139,pherc0139-w029,seed_mean,060000,0.6829,75,0.6143,0.7687
no0139,pherc0139-w029,seed_mean,075000,0.6582,80,0.6462,0.6705
no0139,pherc0139-w029,step_mean,s42,0.7430,83,0.6959,0.7968
no0139,pherc0139-w029,step_mean,s43,0.7378,88,0.7218,0.7544
no0139,pherc0139-w035,seed_mean,010000,0.7105,88,0.6994,0.7220
no0139,pherc0139-w035,seed_mean,020000,0.7566,91,0.7541,0.7590
no0139,pherc0139-w035,seed_mean,030000,0.7132,85,0.6819,0.7477
no0139,pherc0139-w035,seed_mean,040000,0.7170,79,0.7001,0.7348
no0139,pherc0139-w035,seed_mean,050000,0.7144,73,0.6591,0.7800
no0139,pherc0139-w035,seed_mean,060000,0.7304,77,0.6774,0.7925
no0139,pherc0139-w035,seed_mean,075000,0.7400,82,0.7177,0.7637
no0139,pherc0139-w035,step_mean,s42,0.7380,85,0.6940,0.7880
no0139,pherc0139-w035,step_mean,s43,0.7177,89,0.7202,0.7154
no0139,pherc0139-w039,seed_mean,010000,0.6033,82,0.5012,0.7576
no0139,pherc0139-w039,seed_mean,020000,0.6646,80,0.5867,0.7663
no0139,pherc0139-w039,seed_mean,030000,0.5982,73,0.4914,0.7645
no0139,pherc0139-w039,seed_mean,040000,0.6020,70,0.5212,0.7123
no0139,pherc0139-w039,seed_mean,050000,0.6002,68,0.5001,0.7504
no0139,pherc0139-w039,seed_mean,060000,0.6487,70,0.5582,0.7741
no0139,pherc0139-w039,seed_mean,075000,0.6210,70,0.5619,0.6939
no0139,pherc0139-w039,step_mean,s42,0.6089,80,0.5335,0.7090
no0139,pherc0139-w039,step_mean,s43,0.6505,82,0.5825,0.7365
no0139,pherc0139-w040,seed_mean,010000,0.6951,82,0.6371,0.7647
no0139,pherc0139-w040,seed_mean,020000,0.7120,77,0.6648,0.7664
no0139,pherc0139-w040,seed_mean,030000,0.6970,79,0.6478,0.7543
no0139,pherc0139-w040,seed_mean,040000,0.6892,73,0.6474,0.7368
no0139,pherc0139-w040,seed_mean,050000,0.6729,71,0.6617,0.6845
no0139,pherc0139-w040,seed_mean,060000,0.6673,71,0.6368,0.7008
no0139,pherc0139-w040,seed_mean,075000,0.6635,67,0.5832,0.7694
no0139,pherc0139-w040,step_mean,s42,0.7032,80,0.6682,0.7421
no0139,pherc0139-w040,step_mean,s43,0.6998,78,0.6246,0.7955
no0139,pherc0139-w041,seed_mean,010000,0.6712,80,0.6010,0.7600
no0139,pherc0139-w041,seed_mean,020000,0.7230,82,0.7251,0.7210
no0139,pherc0139-w041,seed_mean,030000,0.7055,75,0.6653,0.7509
no0139,pherc0139-w041,seed_mean,040000,0.7261,71,0.6707,0.7916
no0139,pherc0139-w041,seed_mean,050000,0.6908,66,0.6095,0.7970
no0139,pherc0139-w041,seed_mean,060000,0.6971,75,0.7184,0.6771
no0139,pherc0139-w041,seed_mean,075000,0.6666,71,0.6485,0.6857
no0139,pherc0139-w041,step_mean,s42,0.7055,79,0.6715,0.7431
no0139,pherc0139-w041,step_mean,s43,0.7298,78,0.6803,0.7871
no0139,pherc0139-w043,seed_mean,010000,0.7681,104,0.7545,0.7822
no0139,pherc0139-w043,seed_mean,020000,0.7800,103,0.7483,0.8144
no0139,pherc0139-w043,seed_mean,030000,0.7478,109,0.7546,0.7411
no0139,pherc0139-w043,seed_mean,040000,0.7301,90,0.6944,0.7698
no0139,pherc0139-w043,seed_mean,050000,0.7175,79,0.6446,0.8090
no0139,pherc0139-w043,seed_mean,060000,0.7255,88,0.6535,0.8154
no0139,pherc0139-w043,seed_mean,075000,0.7401,89,0.6768,0.8163
no0139,pherc0139-w043,step_mean,s42,0.7750,102,0.7478,0.8043
no0139,pherc0139-w043,step_mean,s43,0.7569,105,0.7499,0.7641
no0139,w035,seed_mean,010000,0.6639,85,0.6248,0.7083
no0139,w035,seed_mean,020000,0.6966,79,0.6618,0.7353
no0139,w035,seed_mean,030000,0.6692,80,0.6131,0.7365
no0139,w035,seed_mean,040000,0.6573,72,0.5831,0.7533
no0139,w035,seed_mean,050000,0.6478,71,0.5993,0.7047
no0139,w035,seed_mean,060000,0.6637,74,0.6359,0.6939
no0139,w035,seed_mean,075000,0.6628,73,0.6321,0.6968
no0139,w035,step_mean,s42,0.6755,84,0.6600,0.6917
no0139,w035,step_mean,s43,0.6875,81,0.6389,0.7441
no0139,w039,seed_mean,010000,0.5435,79,0.4215,0.7650
no0139,w039,seed_mean,020000,0.5600,76,0.4675,0.6981
no0139,w039,seed_mean,030000,0.5884,76,0.4824,0.7541
no0139,w039,seed_mean,040000,0.5402,71,0.4605,0.6532
no0139,w039,seed_mean,050000,0.5787,69,0.4749,0.7405
no0139,w039,seed_mean,060000,0.5777,77,0.5151,0.6577
no0139,w039,seed_mean,075000,0.5825,70,0.4846,0.7300
no0139,w039,step_mean,s42,0.5392,78,0.4525,0.6670
no0139,w039,step_mean,s43,0.5815,78,0.4707,0.7604
no0139,w040,seed_mean,010000,0.6391,77,0.5281,0.8092
no0139,w040,seed_mean,020000,0.6733,76,0.5976,0.7709
no0139,w040,seed_mean,030000,0.6394,74,0.5271,0.8126
no0139,w040,seed_mean,040000,0.6395,68,0.5299,0.8061
no0139,w040,seed_mean,050000,0.6352,68,0.5525,0.7471
no0139,w040,seed_mean,060000,0.6231,64,0.4764,0.9003
no0139,w040,seed_mean,075000,0.6352,66,0.5230,0.8087
no0139,w040,step_mean,s42,0.6652,77,0.5738,0.7911
no0139,w040,step_mean,s43,0.6491,76,0.5528,0.7858
no0139,w041,seed_mean,010000,0.6677,82,0.6046,0.7457
no0139,w041,seed_mean,020000,0.7110,78,0.6752,0.7508
no0139,w041,seed_mean,030000,0.6939,76,0.6427,0.7538
no0139,w041,seed_mean,040000,0.6634,68,0.5817,0.7717
no0139,w041,seed_mean,050000,0.6805,66,0.5900,0.8038
no0139,w041,seed_mean,060000,0.6861,68,0.6328,0.7491
no0139,w041,seed_mean,075000,0.6990,66,0.6135,0.8122
no0139,w041,step_mean,s42,0.6992,79,0.6462,0.7616
no0139,w041,step_mean,s43,0.6908,79,0.6568,0.7285
no0139,w044,seed_mean,010000,0.6203,81,0.5388,0.7308
no0139,w044,seed_mean,020000,0.6434,85,0.6138,0.6759
no0139,w044,seed_mean,030000,0.6436,89,0.6391,0.6481
no0139,w044,seed_mean,040000,0.6255,70,0.5069,0.8167
no0139,w044,seed_mean,050000,0.6239,73,0.5663,0.6944
no0139,w044,seed_mean,060000,0.6119,73,0.5404,0.7051
no0139,w044,seed_mean,075000,0.5934,73,0.5384,0.6608
no0139,w044,step_mean,s42,0.6124,81,0.5246,0.7355
no0139,w044,step_mean,s43,0.6542,82,0.5881,0.7371
