arm,segment,step,scored_px,ink_px,best_f1,best_threshold,precision,recall,iou,balanced_accuracy
loso42,pherc0139-w016,010000,418652,89632,0.4806,83,0.3801,0.6532,0.3163,0.6815
loso42,pherc0139-w016,020000,418652,89632,0.5018,84,0.4968,0.5068,0.3349,0.6835
loso42,pherc0139-w016,030000,418652,89632,0.5444,80,0.4650,0.6567,0.3740,0.7254
loso42,pherc0139-w016,040000,418652,89632,0.5134,70,0.4667,0.5705,0.3454,0.6965
loso42,pherc0139-w016,050000,418652,89632,0.4342,66,0.3311,0.6304,0.2773,0.6417
loso42,pherc0139-w016,060000,418652,89632,0.4830,68,0.3874,0.6412,0.3184,0.6825
loso42,pherc0139-w016,075000,418652,89632,0.4878,70,0.3837,0.6693,0.3225,0.6882
loso43,pherc0139-w016,010000,418652,89632,0.4842,87,0.4266,0.5597,0.3194,0.6774
loso43,pherc0139-w016,020000,418652,89632,0.5725,90,0.5697,0.5753,0.4010,0.7285
loso43,pherc0139-w016,030000,418652,89632,0.4516,93,0.5007,0.4113,0.2916,0.6498
loso43,pherc0139-w016,040000,418652,89632,0.4582,74,0.3769,0.5842,0.2972,0.6605
loso43,pherc0139-w016,050000,418652,89632,0.4997,71,0.4420,0.5747,0.3331,0.6885
loso43,pherc0139-w016,060000,418652,89632,0.5567,77,0.5300,0.5863,0.3857,0.7223
loso43,pherc0139-w016,075000,418652,89632,0.5462,74,0.5015,0.5996,0.3757,0.7186
ref42,pherc0139-w016,010000,418652,89632,0.7246,137,0.7049,0.7454,0.5681,0.8302
ref42,pherc0139-w016,020000,418652,89632,0.8951,151,0.8930,0.8971,0.8100,0.9339
ref42,pherc0139-w016,030000,418652,89632,0.9457,143,0.9378,0.9537,0.8970,0.9682
ref42,pherc0139-w016,040000,418652,89632,0.9617,137,0.9606,0.9628,0.9262,0.9760
ref42,pherc0139-w016,050000,418652,89632,0.9717,130,0.9657,0.9777,0.9449,0.9841
ref42,pherc0139-w016,060000,418652,89632,0.9811,138,0.9784,0.9838,0.9629,0.9890
ref42,pherc0139-w016,075000,418652,89632,0.9842,137,0.9833,0.9851,0.9688,0.9903
ref43,pherc0139-w016,010000,418652,89632,0.7103,117,0.6636,0.7641,0.5508,0.8293
ref43,pherc0139-w016,020000,418652,89632,0.8334,133,0.7841,0.8892,0.7143,0.9112
ref43,pherc0139-w016,030000,418652,89632,0.9286,148,0.9212,0.9361,0.8667,0.9572
ref43,pherc0139-w016,040000,418652,89632,0.9569,145,0.9498,0.9642,0.9174,0.9752
ref43,pherc0139-w016,050000,418652,89632,0.9686,136,0.9637,0.9735,0.9391,0.9818
ref43,pherc0139-w016,060000,418652,89632,0.9769,140,0.9728,0.9810,0.9548,0.9868
ref43,pherc0139-w016,075000,418652,89632,0.9848,136,0.9834,0.9863,0.9701,0.9909
loso42,pherc0139-w017,010000,719159,223380,0.6158,120,0.5547,0.6921,0.4449,0.7209
loso42,pherc0139-w017,020000,719159,223380,0.5952,131,0.5436,0.6577,0.4237,0.7044
loso42,pherc0139-w017,030000,719159,223380,0.6209,127,0.5658,0.6878,0.4502,0.7250
loso42,pherc0139-w017,040000,719159,223380,0.5793,121,0.5350,0.6316,0.4078,0.6921
loso42,pherc0139-w017,050000,719159,223380,0.5886,108,0.5391,0.6482,0.4170,0.6992
loso42,pherc0139-w017,060000,719159,223380,0.5837,122,0.5498,0.6220,0.4121,0.6963
loso42,pherc0139-w017,075000,719159,223380,0.5886,129,0.5512,0.6314,0.4170,0.6999
loso43,pherc0139-w017,010000,719159,223380,0.6039,117,0.5512,0.6677,0.4325,0.7114
loso43,pherc0139-w017,020000,719159,223380,0.6386,137,0.5756,0.7171,0.4691,0.7394
loso43,pherc0139-w017,030000,719159,223380,0.6302,147,0.5940,0.6710,0.4601,0.7322
loso43,pherc0139-w017,040000,719159,223380,0.5888,129,0.5442,0.6414,0.4172,0.6997
loso43,pherc0139-w017,050000,719159,223380,0.6189,114,0.5427,0.7199,0.4481,0.7233
loso43,pherc0139-w017,060000,719159,223380,0.5916,112,0.5088,0.7066,0.4201,0.6996
loso43,pherc0139-w017,075000,719159,223380,0.5914,124,0.5480,0.6422,0.4198,0.7018
ref42,pherc0139-w017,010000,719159,223380,0.7655,146,0.7108,0.8292,0.6200,0.8386
ref42,pherc0139-w017,020000,719159,223380,0.8982,148,0.8988,0.8976,0.8153,0.9260
ref42,pherc0139-w017,030000,719159,223380,0.9440,134,0.9427,0.9453,0.8940,0.9597
ref42,pherc0139-w017,040000,719159,223380,0.9595,133,0.9551,0.9639,0.9221,0.9717
ref42,pherc0139-w017,050000,719159,223380,0.9670,135,0.9629,0.9710,0.9360,0.9771
ref42,pherc0139-w017,060000,719159,223380,0.9751,140,0.9698,0.9805,0.9514,0.9834
ref42,pherc0139-w017,075000,719159,223380,0.9808,134,0.9767,0.9850,0.9624,0.9872
ref43,pherc0139-w017,010000,719159,223380,0.7275,135,0.6900,0.7692,0.5717,0.8068
ref43,pherc0139-w017,020000,719159,223380,0.8784,143,0.8683,0.8888,0.7832,0.9140
ref43,pherc0139-w017,030000,719159,223380,0.9387,138,0.9319,0.9456,0.8844,0.9572
ref43,pherc0139-w017,040000,719159,223380,0.9612,139,0.9628,0.9596,0.9252,0.9714
ref43,pherc0139-w017,050000,719159,223380,0.9716,139,0.9713,0.9720,0.9449,0.9795
ref43,pherc0139-w017,060000,719159,223380,0.9776,142,0.9813,0.9740,0.9562,0.9828
ref43,pherc0139-w017,075000,719159,223380,0.9842,133,0.9840,0.9844,0.9689,0.9886
loso42,pherc0139-w028,010000,1756535,438216,0.6149,96,0.5677,0.6707,0.4439,0.7504
loso42,pherc0139-w028,020000,1756535,438216,0.6238,99,0.5897,0.6622,0.4533,0.7545
loso42,pherc0139-w028,030000,1756535,438216,0.6360,112,0.6495,0.6230,0.4663,0.7556
loso42,pherc0139-w028,040000,1756535,438216,0.6490,99,0.6316,0.6674,0.4804,0.7690
loso42,pherc0139-w028,050000,1756535,438216,0.6088,81,0.5703,0.6529,0.4376,0.7447
loso42,pherc0139-w028,060000,1756535,438216,0.5876,89,0.5518,0.6283,0.4160,0.7293
loso42,pherc0139-w028,075000,1756535,438216,0.5978,97,0.5779,0.6192,0.4263,0.7344
loso43,pherc0139-w028,010000,1756535,438216,0.6132,95,0.6017,0.6252,0.4422,0.7438
loso43,pherc0139-w028,020000,1756535,438216,0.6820,103,0.6226,0.7538,0.5174,0.8010
loso43,pherc0139-w028,030000,1756535,438216,0.6635,102,0.6199,0.7137,0.4965,0.7841
loso43,pherc0139-w028,040000,1756535,438216,0.6377,90,0.5829,0.7039,0.4681,0.7682
loso43,pherc0139-w028,050000,1756535,438216,0.6642,93,0.6313,0.7007,0.4972,0.7823
loso43,pherc0139-w028,060000,1756535,438216,0.6393,100,0.6125,0.6686,0.4699,0.7640
loso43,pherc0139-w028,075000,1756535,438216,0.6157,89,0.5714,0.6675,0.4448,0.7505
ref42,pherc0139-w028,010000,1756535,438216,0.7952,138,0.7785,0.8127,0.6600,0.8679
ref42,pherc0139-w028,020000,1756535,438216,0.8679,128,0.8643,0.8715,0.7666,0.9130
ref42,pherc0139-w028,030000,1756535,438216,0.9386,122,0.9393,0.9379,0.8843,0.9589
ref42,pherc0139-w028,040000,1756535,438216,0.9556,127,0.9546,0.9566,0.9150,0.9708
ref42,pherc0139-w028,050000,1756535,438216,0.9696,127,0.9652,0.9739,0.9409,0.9811
ref42,pherc0139-w028,060000,1756535,438216,0.9788,141,0.9795,0.9782,0.9585,0.9857
ref42,pherc0139-w028,075000,1756535,438216,0.9849,132,0.9842,0.9855,0.9702,0.9901
ref43,pherc0139-w028,010000,1756535,438216,0.7719,132,0.7680,0.7758,0.6285,0.8490
ref43,pherc0139-w028,020000,1756535,438216,0.8688,126,0.8676,0.8699,0.7680,0.9129
ref43,pherc0139-w028,030000,1756535,438216,0.9279,129,0.9264,0.9294,0.8655,0.9524
ref43,pherc0139-w028,040000,1756535,438216,0.9448,135,0.9423,0.9472,0.8953,0.9640
ref43,pherc0139-w028,050000,1756535,438216,0.9662,134,0.9672,0.9651,0.9345,0.9771
ref43,pherc0139-w028,060000,1756535,438216,0.9750,138,0.9767,0.9733,0.9512,0.9828
ref43,pherc0139-w028,075000,1756535,438216,0.9809,136,0.9807,0.9810,0.9625,0.9873
loso42,pherc0139-w029,010000,446574,111255,0.7141,94,0.7191,0.7093,0.5554,0.8087
loso42,pherc0139-w029,020000,446574,111255,0.6949,78,0.6726,0.7188,0.5325,0.8014
loso42,pherc0139-w029,030000,446574,111255,0.6556,76,0.5639,0.7830,0.4877,0.7910
loso42,pherc0139-w029,040000,446574,111255,0.7011,77,0.6871,0.7158,0.5398,0.8038
loso42,pherc0139-w029,050000,446574,111255,0.5845,66,0.4949,0.7138,0.4129,0.7360
loso42,pherc0139-w029,060000,446574,111255,0.6738,69,0.6068,0.7576,0.5081,0.7973
loso42,pherc0139-w029,075000,446574,111255,0.6493,68,0.5537,0.7847,0.4807,0.7874
loso43,pherc0139-w029,010000,446574,111255,0.6395,90,0.6350,0.6441,0.4701,0.7606
loso43,pherc0139-w029,020000,446574,111255,0.6804,84,0.6442,0.7210,0.5157,0.7944
loso43,pherc0139-w029,030000,446574,111255,0.7362,88,0.7331,0.7394,0.5826,0.8250
loso43,pherc0139-w029,040000,446574,111255,0.6765,89,0.7086,0.6471,0.5111,0.7794
loso43,pherc0139-w029,050000,446574,111255,0.6999,76,0.6543,0.7524,0.5383,0.8102
loso43,pherc0139-w029,060000,446574,111255,0.6489,80,0.6042,0.7008,0.4803,0.7742
loso43,pherc0139-w029,075000,446574,111255,0.6415,71,0.5693,0.7347,0.4722,0.7752
ref42,pherc0139-w029,010000,446574,111255,0.8109,132,0.7932,0.8295,0.6820,0.8789
ref42,pherc0139-w029,020000,446574,111255,0.9267,134,0.9193,0.9342,0.8634,0.9535
ref42,pherc0139-w029,030000,446574,111255,0.9561,123,0.9477,0.9647,0.9159,0.9735
ref42,pherc0139-w029,040000,446574,111255,0.9732,131,0.9727,0.9737,0.9478,0.9823
ref42,pherc0139-w029,050000,446574,111255,0.9793,134,0.9787,0.9798,0.9594,0.9864
ref42,pherc0139-w029,060000,446574,111255,0.9840,140,0.9830,0.9851,0.9686,0.9897
ref42,pherc0139-w029,075000,446574,111255,0.9871,124,0.9845,0.9897,0.9745,0.9923
ref43,pherc0139-w029,010000,446574,111255,0.8127,117,0.7659,0.8655,0.6845,0.8889
ref43,pherc0139-w029,020000,446574,111255,0.9101,133,0.8979,0.9227,0.8351,0.9439
ref43,pherc0139-w029,030000,446574,111255,0.9506,133,0.9450,0.9563,0.9058,0.9689
ref43,pherc0139-w029,040000,446574,111255,0.9665,131,0.9631,0.9700,0.9353,0.9788
ref43,pherc0139-w029,050000,446574,111255,0.9742,133,0.9725,0.9760,0.9498,0.9834
ref43,pherc0139-w029,060000,446574,111255,0.9812,129,0.9790,0.9834,0.9630,0.9882
ref43,pherc0139-w029,075000,446574,111255,0.9853,131,0.9847,0.9859,0.9709,0.9904
loso42,pherc0139-w035,010000,1018807,321472,0.7003,87,0.6600,0.7457,0.5388,0.7843
loso42,pherc0139-w035,020000,1018807,321472,0.7219,79,0.6747,0.7762,0.5648,0.8018
loso42,pherc0139-w035,030000,1018807,321472,0.6883,80,0.6310,0.7571,0.5248,0.7765
loso42,pherc0139-w035,040000,1018807,321472,0.6803,80,0.7037,0.6585,0.5155,0.7653
loso42,pherc0139-w035,050000,1018807,321472,0.6524,69,0.6160,0.6934,0.4841,0.7471
loso42,pherc0139-w035,060000,1018807,321472,0.6923,70,0.6199,0.7839,0.5294,0.7812
loso42,pherc0139-w035,075000,1018807,321472,0.6717,77,0.6422,0.7042,0.5057,0.7616
loso43,pherc0139-w035,010000,1018807,321472,0.6627,89,0.7181,0.6153,0.4956,0.7520
loso43,pherc0139-w035,020000,1018807,321472,0.7081,84,0.6501,0.7774,0.5481,0.7923
loso43,pherc0139-w035,030000,1018807,321472,0.6796,80,0.6401,0.7242,0.5146,0.7682
loso43,pherc0139-w035,040000,1018807,321472,0.6925,78,0.6625,0.7253,0.5296,0.7775
loso43,pherc0139-w035,050000,1018807,321472,0.7174,78,0.6903,0.7466,0.5593,0.7961
loso43,pherc0139-w035,060000,1018807,321472,0.7284,77,0.6823,0.7811,0.5728,0.8067
loso43,pherc0139-w035,075000,1018807,321472,0.7399,78,0.7090,0.7735,0.5871,0.8136
ref42,pherc0139-w035,010000,1018807,321472,0.8183,131,0.8105,0.8263,0.6925,0.8686
ref42,pherc0139-w035,020000,1018807,321472,0.8877,134,0.8800,0.8954,0.7980,0.9196
ref42,pherc0139-w035,030000,1018807,321472,0.9189,121,0.9086,0.9295,0.8500,0.9432
ref42,pherc0139-w035,040000,1018807,321472,0.9390,126,0.9389,0.9391,0.8850,0.9555
ref42,pherc0139-w035,050000,1018807,321472,0.9574,122,0.9572,0.9577,0.9183,0.9690
ref42,pherc0139-w035,060000,1018807,321472,0.9674,128,0.9670,0.9677,0.9368,0.9763
ref42,pherc0139-w035,075000,1018807,321472,0.9764,119,0.9762,0.9766,0.9539,0.9828
ref43,pherc0139-w035,010000,1018807,321472,0.8097,111,0.7960,0.8239,0.6802,0.8633
ref43,pherc0139-w035,020000,1018807,321472,0.8601,105,0.8289,0.8937,0.7545,0.9043
ref43,pherc0139-w035,030000,1018807,321472,0.8969,126,0.8911,0.9029,0.8131,0.9260
ref43,pherc0139-w035,040000,1018807,321472,0.9338,124,0.9232,0.9446,0.8758,0.9542
ref43,pherc0139-w035,050000,1018807,321472,0.9523,128,0.9493,0.9554,0.9090,0.9659
ref43,pherc0139-w035,060000,1018807,321472,0.9646,126,0.9660,0.9631,0.9315,0.9737
ref43,pherc0139-w035,075000,1018807,321472,0.9722,128,0.9732,0.9711,0.9459,0.9794
loso42,pherc0139-w039,010000,546650,175084,0.5855,79,0.4681,0.7815,0.4139,0.6815
loso42,pherc0139-w039,020000,546650,175084,0.6157,75,0.5451,0.7073,0.4448,0.7146
loso42,pherc0139-w039,030000,546650,175084,0.5673,72,0.4410,0.7951,0.3960,0.6601
loso42,pherc0139-w039,040000,546650,175084,0.5714,66,0.4711,0.7262,0.4000,0.6710
loso42,pherc0139-w039,050000,546650,175084,0.5087,65,0.3980,0.7048,0.3411,0.6012
loso42,pherc0139-w039,060000,546650,175084,0.5718,65,0.4635,0.7461,0.4003,0.6695
loso42,pherc0139-w039,075000,546650,175084,0.5573,65,0.4484,0.7361,0.3863,0.6547
loso43,pherc0139-w039,010000,546650,175084,0.5830,82,0.4927,0.7139,0.4115,0.6838
loso43,pherc0139-w039,020000,546650,175084,0.6544,79,0.5662,0.7752,0.4863,0.7476
loso43,pherc0139-w039,030000,546650,175084,0.6096,73,0.5358,0.7068,0.4384,0.7092
loso43,pherc0139-w039,040000,546650,175084,0.5781,79,0.6128,0.5471,0.4066,0.6921
loso43,pherc0139-w039,050000,546650,175084,0.6276,68,0.5477,0.7347,0.4573,0.7244
loso43,pherc0139-w039,060000,546650,175084,0.6340,70,0.5514,0.7458,0.4642,0.7299
loso43,pherc0139-w039,075000,546650,175084,0.6199,69,0.5715,0.6772,0.4491,0.7190
ref42,pherc0139-w039,010000,546650,175084,0.7879,127,0.7686,0.8083,0.6501,0.8468
ref42,pherc0139-w039,020000,546650,175084,0.8954,121,0.8887,0.9022,0.8106,0.9245
ref42,pherc0139-w039,030000,546650,175084,0.9411,122,0.9382,0.9440,0.8888,0.9574
ref42,pherc0139-w039,040000,546650,175084,0.9563,126,0.9497,0.9630,0.9163,0.9695
ref42,pherc0139-w039,050000,546650,175084,0.9695,131,0.9675,0.9715,0.9408,0.9781
ref42,pherc0139-w039,060000,546650,175084,0.9784,138,0.9773,0.9795,0.9578,0.9844
ref42,pherc0139-w039,075000,546650,175084,0.9802,128,0.9751,0.9854,0.9612,0.9868
ref43,pherc0139-w039,010000,546650,175084,0.7798,120,0.7607,0.7999,0.6391,0.8407
ref43,pherc0139-w039,020000,546650,175084,0.8783,117,0.8733,0.8833,0.7830,0.9115
ref43,pherc0139-w039,030000,546650,175084,0.9147,119,0.9017,0.9282,0.8428,0.9402
ref43,pherc0139-w039,040000,546650,175084,0.9441,128,0.9433,0.9450,0.8942,0.9591
ref43,pherc0139-w039,050000,546650,175084,0.9615,124,0.9563,0.9667,0.9258,0.9730
ref43,pherc0139-w039,060000,546650,175084,0.9717,130,0.9671,0.9764,0.9450,0.9804
ref43,pherc0139-w039,075000,546650,175084,0.9787,129,0.9753,0.9821,0.9583,0.9852
loso42,pherc0139-w040,010000,1548382,687666,0.6835,81,0.6258,0.7528,0.5191,0.6966
loso42,pherc0139-w040,020000,1548382,687666,0.6835,74,0.6546,0.7151,0.5192,0.7068
loso42,pherc0139-w040,030000,1548382,687666,0.6796,77,0.6360,0.7296,0.5146,0.6980
loso42,pherc0139-w040,040000,1548382,687666,0.6464,66,0.5678,0.7504,0.4776,0.6470
loso42,pherc0139-w040,050000,1548382,687666,0.6335,64,0.5186,0.8139,0.4636,0.6051
loso42,pherc0139-w040,060000,1548382,687666,0.6399,65,0.5623,0.7423,0.4705,0.6403
loso42,pherc0139-w040,075000,1548382,687666,0.6445,65,0.5527,0.7729,0.4755,0.6365
loso43,pherc0139-w040,010000,1548382,687666,0.6708,78,0.5694,0.8162,0.5047,0.6616
loso43,pherc0139-w040,020000,1548382,687666,0.7033,79,0.6596,0.7531,0.5423,0.7213
loso43,pherc0139-w040,030000,1548382,687666,0.6695,73,0.5954,0.7647,0.5032,0.6747
loso43,pherc0139-w040,040000,1548382,687666,0.6797,72,0.6291,0.7390,0.5148,0.6955
loso43,pherc0139-w040,050000,1548382,687666,0.6625,66,0.5904,0.7547,0.4953,0.6682
loso43,pherc0139-w040,060000,1548382,687666,0.6484,65,0.5544,0.7807,0.4797,0.6397
loso43,pherc0139-w040,075000,1548382,687666,0.6455,64,0.5420,0.7977,0.4765,0.6296
ref42,pherc0139-w040,010000,1548382,687666,0.7921,122,0.7782,0.8065,0.6557,0.8114
ref42,pherc0139-w040,020000,1548382,687666,0.8404,113,0.8266,0.8547,0.7247,0.8557
ref42,pherc0139-w040,030000,1548382,687666,0.8862,112,0.8749,0.8977,0.7956,0.8976
ref42,pherc0139-w040,040000,1548382,687666,0.9175,125,0.9091,0.9262,0.8476,0.9261
ref42,pherc0139-w040,050000,1548382,687666,0.9405,124,0.9387,0.9422,0.8876,0.9465
ref42,pherc0139-w040,060000,1548382,687666,0.9552,131,0.9525,0.9580,0.9143,0.9599
ref42,pherc0139-w040,075000,1548382,687666,0.9641,126,0.9622,0.9660,0.9308,0.9679
ref43,pherc0139-w040,010000,1548382,687666,0.7814,111,0.7728,0.7903,0.6413,0.8023
ref43,pherc0139-w040,020000,1548382,687666,0.8285,108,0.8346,0.8226,0.7073,0.8462
ref43,pherc0139-w040,030000,1548382,687666,0.8722,106,0.8485,0.8974,0.7734,0.8847
ref43,pherc0139-w040,040000,1548382,687666,0.9066,125,0.8968,0.9165,0.8291,0.9161
ref43,pherc0139-w040,050000,1548382,687666,0.9278,123,0.9197,0.9360,0.8653,0.9353
ref43,pherc0139-w040,060000,1548382,687666,0.9460,122,0.9429,0.9491,0.8975,0.9516
ref43,pherc0139-w040,075000,1548382,687666,0.9602,130,0.9590,0.9613,0.9234,0.9643
loso42,pherc0139-w041,010000,526815,219912,0.6766,81,0.6400,0.7177,0.5112,0.7142
loso42,pherc0139-w041,020000,526815,219912,0.6651,72,0.6146,0.7246,0.4982,0.6995
loso42,pherc0139-w041,030000,526815,219912,0.6571,81,0.6767,0.6386,0.4893,0.7100
loso42,pherc0139-w041,040000,526815,219912,0.7277,69,0.6803,0.7823,0.5720,0.7594
loso42,pherc0139-w041,050000,526815,219912,0.6678,66,0.6217,0.7213,0.5013,0.7034
loso42,pherc0139-w041,060000,526815,219912,0.6355,67,0.6230,0.6485,0.4658,0.6837
loso42,pherc0139-w041,075000,526815,219912,0.6520,68,0.6291,0.6766,0.4836,0.6954
loso43,pherc0139-w041,010000,526815,219912,0.6554,78,0.5479,0.8155,0.4875,0.6667
loso43,pherc0139-w041,020000,526815,219912,0.7340,80,0.7029,0.7681,0.5798,0.7677
loso43,pherc0139-w041,030000,526815,219912,0.7250,70,0.6551,0.8116,0.5687,0.7528
loso43,pherc0139-w041,040000,526815,219912,0.6756,70,0.6242,0.7362,0.5101,0.7093
loso43,pherc0139-w041,050000,526815,219912,0.6908,69,0.6611,0.7234,0.5277,0.7288
loso43,pherc0139-w041,060000,526815,219912,0.6915,72,0.6634,0.7221,0.5285,0.7298
loso43,pherc0139-w041,075000,526815,219912,0.6745,66,0.6040,0.7636,0.5089,0.7025
ref42,pherc0139-w041,010000,526815,219912,0.8356,119,0.8069,0.8665,0.7177,0.8590
ref42,pherc0139-w041,020000,526815,219912,0.9081,118,0.9012,0.9150,0.8316,0.9216
ref42,pherc0139-w041,030000,526815,219912,0.9467,123,0.9458,0.9476,0.8988,0.9544
ref42,pherc0139-w041,040000,526815,219912,0.9620,125,0.9565,0.9674,0.9267,0.9680
ref42,pherc0139-w041,050000,526815,219912,0.9737,137,0.9750,0.9724,0.9487,0.9773
ref42,pherc0139-w041,060000,526815,219912,0.9801,141,0.9797,0.9804,0.9609,0.9829
ref42,pherc0139-w041,075000,526815,219912,0.9857,135,0.9848,0.9866,0.9717,0.9878
ref43,pherc0139-w041,010000,526815,219912,0.7982,109,0.7513,0.8514,0.6642,0.8247
ref43,pherc0139-w041,020000,526815,219912,0.8974,115,0.8936,0.9013,0.8140,0.9122
ref43,pherc0139-w041,030000,526815,219912,0.9336,121,0.9321,0.9352,0.8755,0.9432
ref43,pherc0139-w041,040000,526815,219912,0.9580,128,0.9547,0.9614,0.9195,0.9644
ref43,pherc0139-w041,050000,526815,219912,0.9688,128,0.9689,0.9688,0.9395,0.9732
ref43,pherc0139-w041,060000,526815,219912,0.9778,117,0.9736,0.9821,0.9566,0.9815
ref43,pherc0139-w041,075000,526815,219912,0.9821,127,0.9815,0.9826,0.9648,0.9847
loso42,pherc0139-w043,010000,433168,193692,0.7491,105,0.7381,0.7604,0.5988,0.7711
loso42,pherc0139-w043,020000,433168,193692,0.7518,91,0.6920,0.8228,0.6023,0.7633
loso42,pherc0139-w043,030000,433168,193692,0.7361,103,0.7340,0.7383,0.5824,0.7609
loso42,pherc0139-w043,040000,433168,193692,0.7137,66,0.5918,0.8988,0.5548,0.6987
loso42,pherc0139-w043,050000,433168,193692,0.7152,72,0.6658,0.7727,0.5567,0.7295
loso42,pherc0139-w043,060000,433168,193692,0.7415,88,0.6907,0.8003,0.5891,0.7552
loso42,pherc0139-w043,075000,433168,193692,0.7411,77,0.6586,0.8471,0.5886,0.7460
loso43,pherc0139-w043,010000,433168,193692,0.7575,99,0.7379,0.7783,0.6097,0.7773
loso43,pherc0139-w043,020000,433168,193692,0.7617,110,0.7622,0.7611,0.6151,0.7845
loso43,pherc0139-w043,030000,433168,193692,0.7262,92,0.6735,0.7879,0.5701,0.7394
loso43,pherc0139-w043,040000,433168,193692,0.7255,89,0.6682,0.7935,0.5693,0.7375
loso43,pherc0139-w043,050000,433168,193692,0.7135,78,0.6157,0.8484,0.5547,0.7100
loso43,pherc0139-w043,060000,433168,193692,0.7000,85,0.6438,0.7669,0.5384,0.7119
loso43,pherc0139-w043,075000,433168,193692,0.7037,90,0.6681,0.7434,0.5429,0.7223
ref42,pherc0139-w043,010000,433168,193692,0.8534,132,0.8358,0.8717,0.7442,0.8666
ref42,pherc0139-w043,020000,433168,193692,0.9218,134,0.9179,0.9258,0.8550,0.9294
ref42,pherc0139-w043,030000,433168,193692,0.9597,129,0.9610,0.9585,0.9225,0.9635
ref42,pherc0139-w043,040000,433168,193692,0.9713,125,0.9716,0.9710,0.9441,0.9740
ref42,pherc0139-w043,050000,433168,193692,0.9808,125,0.9793,0.9823,0.9623,0.9827
ref42,pherc0139-w043,060000,433168,193692,0.9846,133,0.9837,0.9855,0.9697,0.9862
ref42,pherc0139-w043,075000,433168,193692,0.9888,130,0.9872,0.9904,0.9778,0.9900
ref43,pherc0139-w043,010000,433168,193692,0.8406,125,0.8117,0.8717,0.7251,0.8541
ref43,pherc0139-w043,020000,433168,193692,0.9145,129,0.8981,0.9316,0.8425,0.9231
ref43,pherc0139-w043,030000,433168,193692,0.9474,126,0.9390,0.9559,0.9000,0.9528
ref43,pherc0139-w043,040000,433168,193692,0.9632,131,0.9626,0.9637,0.9290,0.9667
ref43,pherc0139-w043,050000,433168,193692,0.9742,135,0.9740,0.9743,0.9497,0.9767
ref43,pherc0139-w043,060000,433168,193692,0.9807,130,0.9791,0.9823,0.9621,0.9827
ref43,pherc0139-w043,075000,433168,193692,0.9860,134,0.9859,0.9862,0.9724,0.9874
loso42,w035,010000,1069617,333586,0.6450,87,0.5990,0.6988,0.4761,0.7434
loso42,w035,020000,1069617,333586,0.6527,75,0.6188,0.6904,0.4844,0.7488
loso42,w035,030000,1069617,333586,0.6241,77,0.5475,0.7255,0.4536,0.7269
loso42,w035,040000,1069617,333586,0.6316,69,0.5605,0.7233,0.4616,0.7332
loso42,w035,050000,1069617,333586,0.6042,68,0.5758,0.6356,0.4329,0.7117
loso42,w035,060000,1069617,333586,0.6046,67,0.5316,0.7008,0.4333,0.7105
loso42,w035,075000,1069617,333586,0.6204,68,0.5586,0.6974,0.4497,0.7238
loso43,w035,010000,1069617,333586,0.6152,83,0.5920,0.6402,0.4442,0.7201
loso43,w035,020000,1069617,333586,0.6789,82,0.6513,0.7089,0.5138,0.7684
loso43,w035,030000,1069617,333586,0.6523,77,0.5989,0.7163,0.4840,0.7494
loso43,w035,040000,1069617,333586,0.6138,70,0.5330,0.7235,0.4428,0.7181
loso43,w035,050000,1069617,333586,0.6252,72,0.5786,0.6800,0.4548,0.7278
loso43,w035,060000,1069617,333586,0.6359,73,0.6095,0.6647,0.4662,0.7358
loso43,w035,075000,1069617,333586,0.6397,71,0.6144,0.6671,0.4702,0.7387
ref42,w035,010000,1069617,333586,0.7752,134,0.7471,0.8053,0.6329,0.8409
ref42,w035,020000,1069617,333586,0.8525,125,0.8495,0.8555,0.7429,0.8934
ref42,w035,030000,1069617,333586,0.9156,126,0.9073,0.9240,0.8443,0.9406
ref42,w035,040000,1069617,333586,0.9428,124,0.9420,0.9436,0.8917,0.9586
ref42,w035,050000,1069617,333586,0.9624,129,0.9617,0.9631,0.9276,0.9729
ref42,w035,060000,1069617,333586,0.9715,132,0.9717,0.9713,0.9446,0.9793
ref42,w035,075000,1069617,333586,0.9785,124,0.9791,0.9779,0.9579,0.9842
ref43,w035,010000,1069617,333586,0.7657,123,0.7872,0.7454,0.6203,0.8270
ref43,w035,020000,1069617,333586,0.8371,119,0.8279,0.8466,0.7199,0.8834
ref43,w035,030000,1069617,333586,0.8931,123,0.8816,0.9050,0.8069,0.9249
ref43,w035,040000,1069617,333586,0.9320,137,0.9255,0.9387,0.8727,0.9522
ref43,w035,050000,1069617,333586,0.9483,129,0.9480,0.9485,0.9016,0.9625
ref43,w035,060000,1069617,333586,0.9642,129,0.9631,0.9653,0.9309,0.9743
ref43,w035,075000,1069617,333586,0.9732,125,0.9708,0.9756,0.9477,0.9811
loso42,w039,010000,574928,182382,0.5451,76,0.4113,0.8078,0.3746,0.6353
loso42,w039,020000,574928,182382,0.5032,77,0.4959,0.5107,0.3362,0.6348
loso42,w039,030000,574928,182382,0.5303,80,0.4750,0.6003,0.3609,0.6460
loso42,w039,040000,574928,182382,0.5293,65,0.4062,0.7592,0.3599,0.6218
loso42,w039,050000,574928,182382,0.5240,65,0.4009,0.7560,0.3550,0.6156
loso42,w039,060000,574928,182382,0.5025,65,0.3872,0.7155,0.3356,0.5947
loso42,w039,075000,574928,182382,0.5258,68,0.4403,0.6525,0.3567,0.6336
loso43,w039,010000,574928,182382,0.5089,81,0.4164,0.6542,0.3413,0.6141
loso43,w039,020000,574928,182382,0.5751,77,0.4746,0.7295,0.4036,0.6772
loso43,w039,030000,574928,182382,0.5613,75,0.4754,0.6853,0.3902,0.6669
loso43,w039,040000,574928,182382,0.5087,66,0.3808,0.7660,0.3411,0.5936
loso43,w039,050000,574928,182382,0.5650,70,0.4790,0.6886,0.3937,0.6703
loso43,w039,060000,574928,182382,0.5818,78,0.5300,0.6447,0.4102,0.6895
loso43,w039,075000,574928,182382,0.5848,73,0.5502,0.6241,0.4133,0.6935
ref42,w039,010000,574928,182382,0.6937,134,0.6306,0.7708,0.5310,0.7805
ref42,w039,020000,574928,182382,0.8789,126,0.8701,0.8879,0.7840,0.9132
ref42,w039,030000,574928,182382,0.9341,127,0.9144,0.9547,0.8764,0.9566
ref42,w039,040000,574928,182382,0.9593,122,0.9505,0.9682,0.9218,0.9724
ref42,w039,050000,574928,182382,0.9713,133,0.9683,0.9743,0.9442,0.9797
ref42,w039,060000,574928,182382,0.9785,143,0.9772,0.9799,0.9580,0.9846
ref42,w039,075000,574928,182382,0.9836,135,0.9829,0.9843,0.9678,0.9882
ref43,w039,010000,574928,182382,0.7006,118,0.6491,0.7611,0.5392,0.7849
ref43,w039,020000,574928,182382,0.8549,117,0.8384,0.8721,0.7466,0.8970
ref43,w039,030000,574928,182382,0.9279,121,0.9099,0.9467,0.8656,0.9516
ref43,w039,040000,574928,182382,0.9417,132,0.9364,0.9470,0.8897,0.9586
ref43,w039,050000,574928,182382,0.9663,130,0.9620,0.9707,0.9349,0.9764
ref43,w039,060000,574928,182382,0.9721,139,0.9715,0.9727,0.9457,0.9797
ref43,w039,075000,574928,182382,0.9791,131,0.9772,0.9809,0.9590,0.9851
loso42,w040,010000,1626899,716419,0.6377,77,0.5450,0.7684,0.4681,0.6318
loso42,w040,020000,1626899,716419,0.6502,70,0.5492,0.7966,0.4817,0.6411
loso42,w040,030000,1626899,716419,0.6265,71,0.4837,0.8889,0.4561,0.5712
loso42,w040,040000,1626899,716419,0.6217,63,0.4729,0.9071,0.4511,0.5558
loso42,w040,050000,1626899,716419,0.6241,63,0.4706,0.9260,0.4535,0.5532
loso42,w040,060000,1626899,716419,0.6203,63,0.4788,0.8806,0.4496,0.5631
loso42,w040,075000,1626899,716419,0.6284,63,0.4809,0.9064,0.4582,0.5683
loso43,w040,010000,1626899,716419,0.6211,76,0.4889,0.8514,0.4505,0.5755
loso43,w040,020000,1626899,716419,0.6519,75,0.5671,0.7664,0.4835,0.6530
loso43,w040,030000,1626899,716419,0.6299,69,0.5146,0.8119,0.4598,0.6046
loso43,w040,040000,1626899,716419,0.6261,66,0.5064,0.8199,0.4557,0.5955
loso43,w040,050000,1626899,716419,0.6283,64,0.5119,0.8134,0.4581,0.6015
loso43,w040,060000,1626899,716419,0.6166,63,0.4706,0.8942,0.4457,0.5513
loso43,w040,075000,1626899,716419,0.6168,62,0.4575,0.9464,0.4459,0.5316
ref42,w040,010000,1626899,716419,0.7317,122,0.6877,0.7817,0.5769,0.7512
ref42,w040,020000,1626899,716419,0.8054,117,0.7857,0.8260,0.6741,0.8244
ref42,w040,030000,1626899,716419,0.8772,120,0.8626,0.8924,0.7813,0.8903
ref42,w040,040000,1626899,716419,0.9084,130,0.8983,0.9188,0.8322,0.9185
ref42,w040,050000,1626899,716419,0.9370,130,0.9248,0.9494,0.8814,0.9444
ref42,w040,060000,1626899,716419,0.9559,137,0.9510,0.9608,0.9155,0.9609
ref42,w040,075000,1626899,716419,0.9660,133,0.9622,0.9698,0.9342,0.9699
ref43,w040,010000,1626899,716419,0.7173,108,0.6573,0.7893,0.5592,0.7327
ref43,w040,020000,1626899,716419,0.7773,101,0.7564,0.7995,0.6358,0.7984
ref43,w040,030000,1626899,716419,0.8558,121,0.8341,0.8788,0.7480,0.8706
ref43,w040,040000,1626899,716419,0.8908,137,0.8741,0.9083,0.8031,0.9026
ref43,w040,050000,1626899,716419,0.9281,130,0.9199,0.9364,0.8658,0.9361
ref43,w040,060000,1626899,716419,0.9435,130,0.9374,0.9497,0.8931,0.9499
ref43,w040,075000,1626899,716419,0.9595,131,0.9562,0.9627,0.9221,0.9640
loso42,w041,010000,554742,229850,0.6751,82,0.6052,0.7633,0.5096,0.7055
loso42,w041,020000,554742,229850,0.6576,71,0.5795,0.7599,0.4899,0.6849
loso42,w041,030000,554742,229850,0.6648,79,0.6450,0.6859,0.4979,0.7094
loso42,w041,040000,554742,229850,0.6418,65,0.5505,0.7694,0.4725,0.6624
loso42,w041,050000,554742,229850,0.6581,65,0.5658,0.7864,0.4904,0.6797
loso42,w041,060000,554742,229850,0.6443,65,0.5830,0.7200,0.4753,0.6778
loso42,w041,075000,554742,229850,0.6540,65,0.5868,0.7385,0.4858,0.6853
loso43,w041,010000,554742,229850,0.6102,80,0.5493,0.6863,0.4391,0.6439
loso43,w041,020000,554742,229850,0.7025,80,0.6679,0.7408,0.5414,0.7401
loso43,w041,030000,554742,229850,0.6663,72,0.6202,0.7197,0.4995,0.7039
loso43,w041,040000,554742,229850,0.6519,67,0.5632,0.7738,0.4836,0.6746
loso43,w041,050000,554742,229850,0.6662,66,0.5962,0.7549,0.4995,0.6966
loso43,w041,060000,554742,229850,0.6429,67,0.5902,0.7059,0.4737,0.6796
loso43,w041,075000,554742,229850,0.6452,65,0.5806,0.7260,0.4762,0.6775
ref42,w041,010000,554742,229850,0.7589,125,0.7325,0.7872,0.6115,0.7919
ref42,w041,020000,554742,229850,0.8836,123,0.8889,0.8783,0.7914,0.9003
ref42,w041,030000,554742,229850,0.9422,121,0.9403,0.9442,0.8908,0.9509
ref42,w041,040000,554742,229850,0.9590,124,0.9543,0.9637,0.9212,0.9655
ref42,w041,050000,554742,229850,0.9776,133,0.9763,0.9790,0.9563,0.9811
ref42,w041,060000,554742,229850,0.9817,137,0.9801,0.9834,0.9641,0.9846
ref42,w041,075000,554742,229850,0.9862,134,0.9866,0.9858,0.9728,0.9882
ref43,w041,010000,554742,229850,0.7400,114,0.7039,0.7801,0.5874,0.7740
ref43,w041,020000,554742,229850,0.8837,122,0.8846,0.8828,0.7916,0.9007
ref43,w041,030000,554742,229850,0.9257,126,0.9286,0.9229,0.8617,0.9363
ref43,w041,040000,554742,229850,0.9510,133,0.9459,0.9562,0.9066,0.9587
ref43,w041,050000,554742,229850,0.9640,132,0.9630,0.9649,0.9305,0.9694
ref43,w041,060000,554742,229850,0.9787,132,0.9798,0.9775,0.9582,0.9816
ref43,w041,075000,554742,229850,0.9830,130,0.9832,0.9827,0.9665,0.9854
loso42,w044,010000,1189591,451290,0.6139,79,0.5126,0.7651,0.4429,0.6602
loso42,w044,020000,1189591,451290,0.6097,73,0.4924,0.8003,0.4385,0.6480
loso42,w044,030000,1189591,451290,0.5846,84,0.5199,0.6677,0.4130,0.6454
loso42,w044,040000,1189591,451290,0.6034,69,0.5133,0.7317,0.4320,0.6539
loso42,w044,050000,1189591,451290,0.5884,65,0.4561,0.8291,0.4169,0.6123
loso42,w044,060000,1189591,451290,0.5858,69,0.5133,0.6821,0.4142,0.6434
loso42,w044,075000,1189591,451290,0.5799,65,0.4500,0.8154,0.4084,0.6031
loso43,w044,010000,1189591,451290,0.6049,80,0.5351,0.6956,0.4336,0.6631
loso43,w044,020000,1189591,451290,0.6458,87,0.6156,0.6792,0.4769,0.7100
loso43,w044,030000,1189591,451290,0.6289,78,0.5705,0.7007,0.4587,0.6891
loso43,w044,040000,1189591,451290,0.6111,71,0.5228,0.7355,0.4400,0.6625
loso43,w044,050000,1189591,451290,0.6251,74,0.5630,0.7026,0.4547,0.6847
loso43,w044,060000,1189591,451290,0.6040,71,0.5240,0.7128,0.4327,0.6585
loso43,w044,075000,1189591,451290,0.5968,68,0.5078,0.7238,0.4253,0.6474
ref42,w044,010000,1189591,451290,0.7434,132,0.7390,0.7477,0.5916,0.7932
ref42,w044,020000,1189591,451290,0.8808,125,0.8694,0.8925,0.7870,0.9053
ref42,w044,030000,1189591,451290,0.9423,127,0.9345,0.9503,0.8909,0.9548
ref42,w044,040000,1189591,451290,0.9605,131,0.9618,0.9593,0.9241,0.9680
ref42,w044,050000,1189591,451290,0.9750,131,0.9730,0.9769,0.9511,0.9802
ref42,w044,060000,1189591,451290,0.9799,139,0.9806,0.9791,0.9605,0.9837
ref42,w044,075000,1189591,451290,0.9852,127,0.9836,0.9869,0.9709,0.9884
ref43,w044,010000,1189591,451290,0.7442,125,0.7241,0.7653,0.5925,0.7935
ref43,w044,020000,1189591,451290,0.8429,114,0.8108,0.8777,0.7285,0.8762
ref43,w044,030000,1189591,451290,0.9226,138,0.9200,0.9253,0.8564,0.9381
ref43,w044,040000,1189591,451290,0.9517,135,0.9442,0.9592,0.9078,0.9623
ref43,w044,050000,1189591,451290,0.9624,138,0.9623,0.9626,0.9276,0.9698
ref43,w044,060000,1189591,451290,0.9759,138,0.9762,0.9756,0.9529,0.9805
ref43,w044,075000,1189591,451290,0.9812,136,0.9799,0.9825,0.9631,0.9851
