scroll,segment,seed,step,oracle_threshold,oracle_f1,trivial_floor,t_R0,t_R1a,t_R1b,t_R2,t_R3,regret_R0,regret_R1a,regret_R1b,regret_R2,regret_R3
PHerc0841,pherc0841-w00,42,010000,141,0.674327,0.363244,128,87,130,122,139,0.014092,0.225795,0.010517,0.029266,0.000369
PHerc0841,pherc0841-w00,42,020000,120,0.662469,0.363244,128,87,118,114,124,0.005712,0.080931,0.000587,0.004482,0.001248
PHerc0841,pherc0841-w00,42,030000,123,0.661672,0.363244,128,87,113,115,124,0.003695,0.103733,0.005000,0.003075,0.000331
PHerc0841,pherc0841-w00,42,040000,124,0.663982,0.363244,128,87,117,116,130,0.000416,0.095616,0.002603,0.003402,0.001333
PHerc0841,pherc0841-w00,42,050000,115,0.622233,0.363244,128,87,104,114,122,0.008033,0.050150,0.003619,0.000209,0.002382
PHerc0841,pherc0841-w00,42,060000,109,0.643678,0.363244,128,87,113,113,123,0.013777,0.039052,0.001245,0.001245,0.008233
PHerc0841,pherc0841-w00,42,075000,100,0.642980,0.363244,128,87,102,114,114,0.017582,0.017757,0.000239,0.003943,0.003943
PHerc0841,pherc0841-w00,43,010000,131,0.640300,0.363244,128,87,121,116,121,0.000543,0.181698,0.009361,0.023137,0.009361
PHerc0841,pherc0841-w00,43,020000,111,0.686734,0.363244,128,87,101,115,111,0.018650,0.069367,0.011584,0.001502,0.000000
PHerc0841,pherc0841-w00,43,030000,113,0.663647,0.363244,128,87,95,115,110,0.008828,0.068461,0.029518,0.000150,0.000737
PHerc0841,pherc0841-w00,43,040000,123,0.666268,0.363244,128,87,108,115,124,0.000800,0.073800,0.010463,0.003033,0.000121
PHerc0841,pherc0841-w00,43,050000,130,0.696452,0.363244,128,87,117,116,136,0.000275,0.098995,0.005767,0.006806,0.003381
PHerc0841,pherc0841-w00,43,060000,129,0.665697,0.363244,128,87,115,115,135,0.000081,0.089595,0.009338,0.009338,0.002450
PHerc0841,pherc0841-w00,43,075000,118,0.692978,0.363244,128,87,106,114,124,0.004727,0.067254,0.012645,0.002334,0.001071
PHerc0841,pherc0841-ag144,42,010000,129,0.670115,0.488743,128,87,130,123,140,0.000015,0.109995,0.000274,0.001442,0.006957
PHerc0841,pherc0841-ag144,42,020000,120,0.661632,0.488743,128,87,118,117,129,0.001781,0.052462,0.000083,0.000158,0.002413
PHerc0841,pherc0841-ag144,42,030000,126,0.648598,0.488743,128,87,113,115,131,0.000507,0.046641,0.008647,0.006334,0.001950
PHerc0841,pherc0841-ag144,42,040000,130,0.644514,0.488743,128,87,117,117,137,0.000112,0.034229,0.001626,0.001626,0.001878
PHerc0841,pherc0841-ag144,42,050000,98,0.648425,0.488743,128,87,104,115,128,0.023331,0.007870,0.001235,0.007261,0.023331
PHerc0841,pherc0841-ag144,42,060000,110,0.639196,0.488743,128,87,113,114,129,0.013496,0.012598,0.000333,0.000888,0.014725
PHerc0841,pherc0841-ag144,42,075000,105,0.652246,0.488743,128,87,102,114,122,0.029395,0.008726,0.000524,0.006537,0.018305
PHerc0841,pherc0841-ag144,43,010000,118,0.646374,0.488743,128,87,121,118,123,0.010697,0.084604,0.001341,0.000000,0.002955
PHerc0841,pherc0841-ag144,43,020000,104,0.691015,0.488743,128,87,101,117,114,0.018403,0.023012,0.001099,0.005037,0.002718
PHerc0841,pherc0841-ag144,43,030000,101,0.640769,0.488743,128,87,95,115,112,0.047397,0.017450,0.002031,0.015275,0.010464
PHerc0841,pherc0841-ag144,43,040000,121,0.645441,0.488743,128,87,108,116,129,0.003805,0.022910,0.004796,0.000603,0.005068
PHerc0841,pherc0841-ag144,43,050000,125,0.656964,0.488743,128,87,117,118,143,0.000680,0.041002,0.001239,0.001164,0.018494
PHerc0841,pherc0841-ag144,43,060000,102,0.637678,0.488743,128,87,115,117,140,0.013452,0.006938,0.004515,0.005253,0.029146
PHerc0841,pherc0841-ag144,43,075000,94,0.649892,0.488743,128,87,106,115,130,0.025162,0.004493,0.004235,0.008992,0.029135
PHerc0841,pherc0841-ag174,42,010000,124,0.602950,0.369590,128,87,130,120,137,0.001319,0.132451,0.003025,0.001796,0.012261
PHerc0841,pherc0841-ag174,42,020000,126,0.590688,0.369590,128,87,118,113,118,0.000221,0.039609,0.001561,0.004019,0.001561
PHerc0841,pherc0841-ag174,42,030000,118,0.611294,0.369590,128,87,113,113,119,0.004873,0.040250,0.001060,0.001060,0.000107
PHerc0841,pherc0841-ag174,42,040000,112,0.587426,0.369590,128,87,117,113,122,0.002413,0.030036,0.000484,0.000066,0.000872
PHerc0841,pherc0841-ag174,42,050000,119,0.596492,0.369590,128,87,104,112,113,0.003405,0.025160,0.004875,0.000628,0.000437
PHerc0841,pherc0841-ag174,42,060000,116,0.611904,0.369590,128,87,113,112,118,0.005946,0.028163,0.000209,0.000385,0.000036
PHerc0841,pherc0841-ag174,42,075000,102,0.597570,0.369590,128,87,102,112,108,0.009206,0.008566,0.000000,0.001285,0.000690
PHerc0841,pherc0841-ag174,43,010000,121,0.603444,0.369590,128,87,121,116,123,0.005848,0.121919,0.000000,0.002974,0.000387
PHerc0841,pherc0841-ag174,43,020000,105,0.623396,0.369590,128,87,101,115,103,0.023527,0.028290,0.001367,0.005074,0.000113
PHerc0841,pherc0841-ag174,43,030000,115,0.575097,0.369590,128,87,95,113,102,0.002624,0.045758,0.025057,0.000972,0.012213
PHerc0841,pherc0841-ag174,43,040000,114,0.582765,0.369590,128,87,108,114,115,0.004882,0.038177,0.003634,0.000000,0.000071
PHerc0841,pherc0841-ag174,43,050000,109,0.601340,0.369590,128,87,117,114,130,0.007220,0.025839,0.002593,0.001241,0.007671
PHerc0841,pherc0841-ag174,43,060000,113,0.582788,0.369590,128,87,115,114,126,0.003333,0.037871,0.000187,0.000026,0.002642
PHerc0841,pherc0841-ag174,43,075000,111,0.606827,0.369590,128,87,106,113,116,0.011650,0.027000,0.001610,0.000458,0.002052
PHerc0009B,pherc0009b-ag055,42,010000,137,0.709816,0.365196,128,87,127,119,122,0.005009,0.191123,0.006140,0.018722,0.012802
PHerc0009B,pherc0009b-ag055,42,020000,126,0.735803,0.365196,128,87,120,115,112,0.000231,0.071214,0.001598,0.005304,0.007924
PHerc0009B,pherc0009b-ag055,42,030000,118,0.715016,0.365196,128,87,121,113,111,0.004398,0.065885,0.000474,0.000997,0.002054
PHerc0009B,pherc0009b-ag055,42,040000,123,0.705530,0.365196,128,87,118,114,114,0.001693,0.058600,0.000656,0.002388,0.002388
PHerc0009B,pherc0009b-ag055,42,050000,106,0.673297,0.365196,128,87,108,111,97,0.011855,0.022866,0.000150,0.000363,0.004547
PHerc0009B,pherc0009b-ag055,42,060000,117,0.701777,0.365196,128,87,110,113,103,0.004896,0.049256,0.002572,0.000928,0.010226
PHerc0009B,pherc0009b-ag055,42,075000,105,0.678229,0.365196,128,87,101,112,94,0.021405,0.024707,0.000931,0.004536,0.008606
PHerc0009B,pherc0009b-ag055,43,010000,124,0.689735,0.365196,128,87,120,116,120,0.002145,0.181278,0.001630,0.006513,0.001630
PHerc0009B,pherc0009b-ag055,43,020000,103,0.683959,0.365196,128,87,105,115,98,0.017050,0.030162,0.000887,0.005424,0.001902
PHerc0009B,pherc0009b-ag055,43,030000,96,0.665313,0.365196,128,87,107,110,98,0.024620,0.013826,0.001728,0.002096,0.000229
PHerc0009B,pherc0009b-ag055,43,040000,120,0.670463,0.365196,128,87,118,113,104,0.002111,0.032118,0.000300,0.002074,0.008088
PHerc0009B,pherc0009b-ag055,43,050000,121,0.683381,0.365196,128,87,119,113,106,0.001678,0.041288,0.000089,0.001734,0.006532
PHerc0009B,pherc0009b-ag055,43,060000,111,0.662614,0.365196,128,87,116,113,105,0.008870,0.029812,0.000700,0.000098,0.001504
PHerc0009B,pherc0009b-ag055,43,075000,109,0.648883,0.365196,128,87,107,112,100,0.005944,0.017522,0.000224,0.000162,0.001959
PHerc0500P2,pherc0500p2-s1,42,010000,123,0.679930,0.351019,128,87,133,117,126,0.003794,0.167610,0.013261,0.003890,0.001339
PHerc0500P2,pherc0500p2-s1,42,020000,110,0.659592,0.351019,128,87,123,113,118,0.022885,0.050556,0.013018,0.001064,0.005627
PHerc0500P2,pherc0500p2-s1,42,030000,107,0.676183,0.351019,128,87,121,110,112,0.025970,0.054254,0.012381,0.000506,0.001712
PHerc0500P2,pherc0500p2-s1,42,040000,111,0.626045,0.351019,128,87,124,112,109,0.013826,0.025571,0.007956,0.000069,0.000297
PHerc0500P2,pherc0500p2-s1,42,050000,101,0.602009,0.351019,128,87,111,110,105,0.040878,0.018920,0.007708,0.006265,0.001382
PHerc0500P2,pherc0500p2-s1,42,060000,108,0.628425,0.351019,128,87,113,112,106,0.017091,0.030519,0.001679,0.001081,0.000316
PHerc0500P2,pherc0500p2-s1,42,075000,99,0.617210,0.351019,128,87,104,112,95,0.033806,0.010703,0.002196,0.009256,0.000941
PHerc0500P2,pherc0500p2-s1,43,010000,118,0.639298,0.351019,128,87,123,115,121,0.014143,0.140109,0.004175,0.001574,0.001822
PHerc0500P2,pherc0500p2-s1,43,020000,98,0.663262,0.351019,128,87,105,113,103,0.066798,0.021356,0.005433,0.022246,0.002922
PHerc0500P2,pherc0500p2-s1,43,030000,93,0.649412,0.351019,128,87,107,113,95,0.051337,0.006068,0.004629,0.013142,0.000120
PHerc0500P2,pherc0500p2-s1,43,040000,95,0.670422,0.351019,128,87,121,114,105,0.041626,0.003593,0.028508,0.017639,0.006669
PHerc0500P2,pherc0500p2-s1,43,050000,113,0.646488,0.351019,128,87,123,112,107,0.011767,0.032334,0.005466,0.000037,0.001720
PHerc0500P2,pherc0500p2-s1,43,060000,119,0.632869,0.351019,128,87,112,113,108,0.003650,0.036299,0.001866,0.001415,0.004644
PHerc0500P2,pherc0500p2-s1,43,075000,102,0.640398,0.351019,128,87,110,112,103,0.023156,0.012683,0.003087,0.004540,0.000089
