scroll,segment,model,oracle_threshold,oracle_f1,trivial_floor,t_R0,t_R1b,t_R2,t_R3,regret_R0,regret_R1b,regret_R2,regret_R3
PHerc0841,pherc0841-w00,K_ex016_75k,127,0.698557,0.363244,128,108,116,130,0.000288,0.029566,0.011288,0.001297
PHerc0841,pherc0841-w00,K_ex016_60k,130,0.700739,0.363244,128,114,116,133,0.000235,0.015607,0.011793,0.000751
PHerc0841,pherc0841-w00,K_all7_75k,132,0.690140,0.363244,128,117,118,139,0.001612,0.012361,0.011093,0.002549
PHerc0841,pherc0841-w00,N_native_16k,133,0.702875,0.363244,128,121,119,143,0.002031,0.009234,0.012320,0.006307
PHerc0841,pherc0841-w00,K_control_75k,117,0.636939,0.363244,128,112,114,132,0.007898,0.000861,0.000119,0.013120
PHerc0841,pherc0841-ag144,K_ex016_75k,115,0.685026,0.488743,128,108,117,136,0.009722,0.002646,0.000262,0.025184
PHerc0841,pherc0841-ag144,K_ex016_60k,121,0.686252,0.488743,128,114,118,140,0.001887,0.002544,0.000678,0.019998
PHerc0841,pherc0841-ag144,K_all7_75k,115,0.678313,0.488743,128,117,119,147,0.003439,0.000490,0.000669,0.021657
PHerc0841,pherc0841-ag144,N_native_16k,123,0.678545,0.488743,128,121,121,150,0.003098,0.000161,0.000161,0.038491
PHerc0841,pherc0841-ag144,K_control_75k,116,0.657739,0.488743,128,112,115,135,0.008937,0.000594,0.000094,0.020603
PHerc0841,pherc0841-ag174,K_ex016_75k,124,0.641073,0.369590,128,108,113,121,0.001067,0.016121,0.007965,0.001372
PHerc0841,pherc0841-ag174,K_ex016_60k,131,0.630452,0.369590,128,114,114,126,0.000318,0.011971,0.011971,0.001246
PHerc0841,pherc0841-ag174,K_all7_75k,137,0.661645,0.369590,128,117,115,133,0.005033,0.026021,0.031333,0.001143
PHerc0841,pherc0841-ag174,N_native_16k,123,0.644436,0.369590,128,121,116,134,0.000892,0.000346,0.005676,0.001851
PHerc0841,pherc0841-ag174,K_control_75k,95,0.599060,0.369590,128,112,112,121,0.025174,0.006888,0.006888,0.015181
PHerc0009B,pherc0009b-ag055,K_ex016_75k,121,0.737724,0.365196,128,120,116,112,0.001311,0.000054,0.000388,0.001980
PHerc0009B,pherc0009b-ag055,K_ex016_60k,126,0.737555,0.365196,128,126,116,115,0.000129,0.000000,0.002201,0.002976
PHerc0009B,pherc0009b-ag055,K_all7_75k,133,0.738237,0.365196,128,124,117,121,0.000440,0.001851,0.008981,0.004318
PHerc0009B,pherc0009b-ag055,N_native_16k,136,0.738127,0.365196,128,123,120,119,0.001974,0.004706,0.007289,0.008396
PHerc0009B,pherc0009b-ag055,K_control_75k,120,0.677697,0.365196,128,110,113,101,0.002449,0.001856,0.000899,0.007227
PHerc0500P2,pherc0500p2-s1,K_ex016_75k,94,0.728509,0.351019,128,123,110,98,0.086911,0.068706,0.028231,0.002265
PHerc0500P2,pherc0500p2-s1,K_ex016_60k,102,0.724912,0.351019,128,128,110,109,0.060533,0.060533,0.007849,0.006155
PHerc0500P2,pherc0500p2-s1,K_all7_75k,100,0.729268,0.351019,128,133,113,104,0.051858,0.071396,0.012322,0.001621
PHerc0500P2,pherc0500p2-s1,N_native_16k,106,0.722548,0.351019,128,128,113,101,0.046831,0.046831,0.006492,0.003164
PHerc0500P2,pherc0500p2-s1,K_control_75k,103,0.622779,0.351019,128,117,111,95,0.032163,0.012055,0.005085,0.004719
