segment,seed,step,region,regions,scored_px,ink_px,best_f1,best_threshold,precision,recall,iou,balanced_accuracy
pherc0139-w016,42,010000,heldout,2,175222,41206,0.6732,131,0.6456,0.7034,0.5074,0.7923
pherc0139-w016,42,010000,train,3,418652,89632,0.7246,137,0.7049,0.7454,0.5681,0.8302
pherc0139-w016,42,020000,heldout,2,175222,41206,0.7425,113,0.7165,0.7704,0.5904,0.8383
pherc0139-w016,42,020000,train,3,418652,89632,0.8951,151,0.8930,0.8971,0.8100,0.9339
pherc0139-w016,42,030000,heldout,2,175222,41206,0.5768,112,0.6750,0.5035,0.4053,0.7145
pherc0139-w016,42,030000,train,3,418652,89632,0.9457,143,0.9378,0.9537,0.8970,0.9682
pherc0139-w016,42,040000,heldout,2,175222,41206,0.6298,132,0.6614,0.6011,0.4596,0.7532
pherc0139-w016,42,040000,train,3,418652,89632,0.9617,137,0.9606,0.9628,0.9262,0.9760
pherc0139-w016,42,050000,heldout,2,175222,41206,0.5754,89,0.5333,0.6246,0.4039,0.7283
pherc0139-w016,42,050000,train,3,418652,89632,0.9717,130,0.9657,0.9777,0.9449,0.9841
pherc0139-w016,42,060000,heldout,2,175222,41206,0.5741,137,0.6643,0.5054,0.4026,0.7134
pherc0139-w016,42,060000,train,3,418652,89632,0.9811,138,0.9784,0.9838,0.9629,0.9890
pherc0139-w016,42,075000,heldout,2,175222,41206,0.5313,100,0.5230,0.5398,0.3617,0.6942
pherc0139-w016,42,075000,train,3,418652,89632,0.9842,137,0.9833,0.9851,0.9688,0.9903
pherc0139-w016,43,010000,heldout,2,175222,41206,0.6542,109,0.6051,0.7119,0.4861,0.7845
pherc0139-w016,43,010000,train,3,418652,89632,0.7103,117,0.6636,0.7641,0.5508,0.8293
pherc0139-w016,43,020000,heldout,2,175222,41206,0.7413,95,0.6529,0.8573,0.5889,0.8586
pherc0139-w016,43,020000,train,3,418652,89632,0.8334,133,0.7841,0.8892,0.7143,0.9112
pherc0139-w016,43,030000,heldout,2,175222,41206,0.6369,130,0.6596,0.6157,0.4672,0.7590
pherc0139-w016,43,030000,train,3,418652,89632,0.9286,148,0.9212,0.9361,0.8667,0.9572
pherc0139-w016,43,040000,heldout,2,175222,41206,0.7131,106,0.6143,0.8498,0.5541,0.8429
pherc0139-w016,43,040000,train,3,418652,89632,0.9569,145,0.9498,0.9642,0.9174,0.9752
pherc0139-w016,43,050000,heldout,2,175222,41206,0.7089,145,0.7212,0.6971,0.5491,0.8071
pherc0139-w016,43,050000,train,3,418652,89632,0.9686,136,0.9637,0.9735,0.9391,0.9818
pherc0139-w016,43,060000,heldout,2,175222,41206,0.7323,128,0.7581,0.7082,0.5777,0.8194
pherc0139-w016,43,060000,train,3,418652,89632,0.9769,140,0.9728,0.9810,0.9548,0.9868
pherc0139-w016,43,075000,heldout,2,175222,41206,0.7547,101,0.6951,0.8255,0.6060,0.8571
pherc0139-w016,43,075000,train,3,418652,89632,0.9848,136,0.9834,0.9863,0.9701,0.9909
pherc0814-46527,42,010000,heldout,1,161051,60127,0.7653,125,0.7237,0.8120,0.6198,0.8136
pherc0814-46527,42,010000,train,1,428993,127043,0.8697,145,0.8756,0.8638,0.7695,0.9061
pherc0814-46527,42,020000,heldout,1,161051,60127,0.7613,90,0.7130,0.8165,0.6145,0.8104
pherc0814-46527,42,020000,train,1,428993,127043,0.9332,128,0.9335,0.9328,0.8747,0.9524
pherc0814-46527,42,030000,heldout,1,161051,60127,0.7108,80,0.6580,0.7729,0.5514,0.7668
pherc0814-46527,42,030000,train,1,428993,127043,0.9621,126,0.9608,0.9633,0.9269,0.9734
pherc0814-46527,42,040000,heldout,1,161051,60127,0.7339,113,0.8089,0.6716,0.5796,0.7885
pherc0814-46527,42,040000,train,1,428993,127043,0.9681,134,0.9652,0.9711,0.9382,0.9782
pherc0814-46527,42,050000,heldout,1,161051,60127,0.7605,77,0.6987,0.8343,0.6136,0.8100
pherc0814-46527,42,050000,train,1,428993,127043,0.9806,130,0.9828,0.9784,0.9619,0.9856
pherc0814-46527,42,060000,heldout,1,161051,60127,0.7516,100,0.7480,0.7552,0.6020,0.8018
pherc0814-46527,42,060000,train,1,428993,127043,0.9871,137,0.9884,0.9859,0.9746,0.9905
pherc0814-46527,42,075000,heldout,1,161051,60127,0.7528,84,0.7160,0.7936,0.6036,0.8030
pherc0814-46527,42,075000,train,1,428993,127043,0.9891,131,0.9880,0.9902,0.9785,0.9926
pherc0814-46527,43,010000,heldout,1,161051,60127,0.7616,120,0.7538,0.7696,0.6150,0.8099
pherc0814-46527,43,010000,train,1,428993,127043,0.8404,135,0.8420,0.8388,0.7247,0.8863
pherc0814-46527,43,020000,heldout,1,161051,60127,0.7523,100,0.7803,0.7263,0.6030,0.8022
pherc0814-46527,43,020000,train,1,428993,127043,0.9279,122,0.9176,0.9385,0.8655,0.9515
pherc0814-46527,43,030000,heldout,1,161051,60127,0.7504,98,0.7561,0.7447,0.6005,0.8008
pherc0814-46527,43,030000,train,1,428993,127043,0.9534,131,0.9498,0.9571,0.9109,0.9679
pherc0814-46527,43,040000,heldout,1,161051,60127,0.7497,82,0.6981,0.8094,0.5996,0.8004
pherc0814-46527,43,040000,train,1,428993,127043,0.9706,131,0.9715,0.9696,0.9428,0.9788
pherc0814-46527,43,050000,heldout,1,161051,60127,0.7586,83,0.6978,0.8310,0.6111,0.8083
pherc0814-46527,43,050000,train,1,428993,127043,0.9767,124,0.9748,0.9786,0.9545,0.9840
pherc0814-46527,43,060000,heldout,1,161051,60127,0.7551,89,0.7592,0.7511,0.6066,0.8046
pherc0814-46527,43,060000,train,1,428993,127043,0.9832,130,0.9831,0.9833,0.9669,0.9881
pherc0814-46527,43,075000,heldout,1,161051,60127,0.7399,91,0.7152,0.7663,0.5871,0.7923
pherc0814-46527,43,075000,train,1,428993,127043,0.9880,132,0.9877,0.9883,0.9764,0.9916
pherc1667-w029,42,010000,heldout,2,382353,88034,0.6063,120,0.5480,0.6786,0.4351,0.7556
pherc1667-w029,42,010000,train,7,1212915,356210,0.7195,122,0.6539,0.7998,0.5619,0.8119
pherc1667-w029,42,020000,heldout,2,382353,88034,0.6719,122,0.6224,0.7299,0.5059,0.7987
pherc1667-w029,42,020000,train,7,1212915,356210,0.8728,128,0.8661,0.8796,0.7743,0.9115
pherc1667-w029,42,030000,heldout,2,382353,88034,0.7159,114,0.6866,0.7478,0.5575,0.8228
pherc1667-w029,42,030000,train,7,1212915,356210,0.9368,127,0.9401,0.9336,0.8811,0.9544
pherc1667-w029,42,040000,heldout,2,382353,88034,0.6749,114,0.6419,0.7115,0.5093,0.7964
pherc1667-w029,42,040000,train,7,1212915,356210,0.9598,129,0.9599,0.9596,0.9226,0.9715
pherc1667-w029,42,050000,heldout,2,382353,88034,0.6785,117,0.6539,0.7050,0.5134,0.7967
pherc1667-w029,42,050000,train,7,1212915,356210,0.9728,129,0.9716,0.9740,0.9470,0.9811
pherc1667-w029,42,060000,heldout,2,382353,88034,0.6773,105,0.6295,0.7330,0.5121,0.8020
pherc1667-w029,42,060000,train,7,1212915,356210,0.9815,142,0.9821,0.9809,0.9636,0.9867
pherc1667-w029,42,075000,heldout,2,382353,88034,0.6581,118,0.6930,0.6265,0.4904,0.7717
pherc1667-w029,42,075000,train,7,1212915,356210,0.9859,136,0.9862,0.9855,0.9721,0.9899
pherc1667-w029,43,010000,heldout,2,382353,88034,0.6122,137,0.6237,0.6011,0.4411,0.7463
pherc1667-w029,43,010000,train,7,1212915,356210,0.6833,115,0.6481,0.7226,0.5190,0.7797
pherc1667-w029,43,020000,heldout,2,382353,88034,0.7303,116,0.6777,0.7919,0.5752,0.8396
pherc1667-w029,43,020000,train,7,1212915,356210,0.8504,119,0.8240,0.8787,0.7398,0.9003
pherc1667-w029,43,030000,heldout,2,382353,88034,0.7550,117,0.7297,0.7820,0.6064,0.8477
pherc1667-w029,43,030000,train,7,1212915,356210,0.9208,128,0.9281,0.9136,0.8532,0.9421
pherc1667-w029,43,040000,heldout,2,382353,88034,0.7428,131,0.7153,0.7726,0.5908,0.8403
pherc1667-w029,43,040000,train,7,1212915,356210,0.9537,130,0.9552,0.9522,0.9115,0.9668
pherc1667-w029,43,050000,heldout,2,382353,88034,0.7411,143,0.7378,0.7444,0.5887,0.8326
pherc1667-w029,43,050000,train,7,1212915,356210,0.9626,138,0.9635,0.9617,0.9279,0.9733
pherc1667-w029,43,060000,heldout,2,382353,88034,0.7546,133,0.7599,0.7494,0.6059,0.8393
pherc1667-w029,43,060000,train,7,1212915,356210,0.9761,134,0.9758,0.9765,0.9534,0.9832
pherc1667-w029,43,075000,heldout,2,382353,88034,0.7582,108,0.7117,0.8113,0.6106,0.8565
pherc1667-w029,43,075000,train,7,1212915,356210,0.9829,134,0.9832,0.9826,0.9664,0.9878
phercparis4-w00,42,010000,train,15,5799353,1335408,0.7896,154,0.8056,0.7741,0.6523,0.8591
phercparis4-w00,42,020000,train,15,5799353,1335408,0.8538,145,0.8632,0.8446,0.7450,0.9023
phercparis4-w00,42,030000,train,15,5799353,1335408,0.8767,145,0.8642,0.8896,0.7805,0.9239
phercparis4-w00,42,040000,train,15,5799353,1335408,0.8924,145,0.8798,0.9052,0.8056,0.9341
phercparis4-w00,42,050000,train,15,5799353,1335408,0.9018,142,0.8869,0.9172,0.8212,0.9411
phercparis4-w00,42,060000,train,15,5799353,1335408,0.9104,149,0.9030,0.9180,0.8356,0.9442
phercparis4-w00,42,075000,train,15,5799353,1335408,0.9180,150,0.9125,0.9235,0.8484,0.9485
phercparis4-w00,43,010000,train,15,5799353,1335408,0.7783,137,0.7800,0.7767,0.6371,0.8556
phercparis4-w00,43,020000,train,15,5799353,1335408,0.8484,134,0.8365,0.8607,0.7367,0.9052
phercparis4-w00,43,030000,train,15,5799353,1335408,0.8753,146,0.8674,0.8834,0.7783,0.9215
phercparis4-w00,43,040000,train,15,5799353,1335408,0.8913,145,0.8805,0.9024,0.8040,0.9329
phercparis4-w00,43,050000,train,15,5799353,1335408,0.9026,158,0.8981,0.9071,0.8225,0.9382
phercparis4-w00,43,060000,train,15,5799353,1335408,0.9093,153,0.9045,0.9142,0.8337,0.9427
phercparis4-w00,43,075000,train,15,5799353,1335408,0.9149,150,0.9094,0.9206,0.8432,0.9466
phercparis4-w02,42,010000,train,15,4653221,1088446,0.7621,138,0.7792,0.7457,0.6156,0.8406
phercparis4-w02,42,020000,train,15,4653221,1088446,0.8455,127,0.8538,0.8373,0.7323,0.8968
phercparis4-w02,42,030000,train,15,4653221,1088446,0.8587,123,0.8479,0.8697,0.7523,0.9110
phercparis4-w02,42,040000,train,15,4653221,1088446,0.8777,129,0.8679,0.8877,0.7821,0.9232
phercparis4-w02,42,050000,train,15,4653221,1088446,0.8932,130,0.8891,0.8974,0.8070,0.9316
phercparis4-w02,42,060000,train,15,4653221,1088446,0.9030,135,0.8994,0.9066,0.8231,0.9378
phercparis4-w02,42,075000,train,15,4653221,1088446,0.9161,136,0.9137,0.9185,0.8451,0.9460
phercparis4-w02,43,010000,train,15,4653221,1088446,0.7545,122,0.7417,0.7678,0.6058,0.8431
phercparis4-w02,43,020000,train,15,4653221,1088446,0.8225,116,0.8252,0.8198,0.6985,0.8834
phercparis4-w02,43,030000,train,15,4653221,1088446,0.8597,132,0.8585,0.8610,0.7540,0.9088
phercparis4-w02,43,040000,train,15,4653221,1088446,0.8809,131,0.8785,0.8833,0.7871,0.9230
phercparis4-w02,43,050000,train,15,4653221,1088446,0.8890,140,0.8822,0.8959,0.8002,0.9297
phercparis4-w02,43,060000,train,15,4653221,1088446,0.9025,134,0.8965,0.9086,0.8223,0.9383
phercparis4-w02,43,075000,train,15,4653221,1088446,0.9109,135,0.9060,0.9158,0.8363,0.9434
