arm,family,segment,step,scored_px,ink_px,best_f1,best_threshold,precision,recall,iou,balanced_accuracy
segloso42,aligned,pherc0139-w035,010000,1018807,321472,0.7537,112,0.7393,0.7688,0.6048,0.8219
segloso42,aligned,pherc0139-w039,010000,546650,175084,0.7080,104,0.6693,0.7513,0.5479,0.7882
segloso42,native,w035,010000,1069617,333586,0.7355,126,0.7326,0.7384,0.5816,0.8081
segloso42,native,w039,010000,574928,182382,0.6148,109,0.5156,0.7613,0.4438,0.7145
segloso42,aligned,pherc0139-w035,020000,1018807,321472,0.7482,116,0.7540,0.7425,0.5977,0.8154
segloso42,aligned,pherc0139-w039,020000,546650,175084,0.6609,88,0.5805,0.7672,0.4936,0.7530
segloso42,native,w035,020000,1069617,333586,0.7169,125,0.7137,0.7202,0.5588,0.7946
segloso42,native,w039,020000,574928,182382,0.5979,116,0.5784,0.6188,0.4265,0.7046
segloso42,aligned,pherc0139-w035,030000,1018807,321472,0.7555,84,0.7242,0.7895,0.6070,0.8255
segloso42,aligned,pherc0139-w039,030000,546650,175084,0.6643,75,0.5777,0.7815,0.4973,0.7561
segloso42,native,w035,030000,1069617,333586,0.7365,97,0.7291,0.7441,0.5829,0.8094
segloso42,native,w039,030000,574928,182382,0.6238,88,0.5215,0.7759,0.4533,0.7226
segloso42,aligned,pherc0139-w035,040000,1018807,321472,0.7187,90,0.6746,0.7690,0.5609,0.7990
segloso42,aligned,pherc0139-w039,040000,546650,175084,0.6263,79,0.5671,0.6994,0.4559,0.7239
segloso42,native,w035,040000,1069617,333586,0.7364,100,0.6945,0.7837,0.5828,0.8137
segloso42,native,w039,040000,574928,182382,0.5938,90,0.4830,0.7708,0.4223,0.6937
segloso42,aligned,pherc0139-w035,050000,1018807,321472,0.7148,97,0.6949,0.7359,0.5562,0.7935
segloso42,aligned,pherc0139-w039,050000,546650,175084,0.6114,78,0.5116,0.7596,0.4403,0.7090
segloso42,native,w035,050000,1069617,333586,0.7012,99,0.6694,0.7363,0.5399,0.7857
segloso42,native,w039,050000,574928,182382,0.5687,89,0.4883,0.6808,0.3973,0.6746
segloso42,aligned,pherc0139-w035,060000,1018807,321472,0.7200,81,0.6863,0.7572,0.5625,0.7988
segloso42,aligned,pherc0139-w039,060000,546650,175084,0.6192,70,0.5284,0.7477,0.4485,0.7166
segloso42,native,w035,060000,1069617,333586,0.7116,93,0.7159,0.7073,0.5523,0.7900
segloso42,native,w039,060000,574928,182382,0.5685,81,0.5141,0.6356,0.3971,0.6783
segloso42,aligned,pherc0139-w035,075000,1018807,321472,0.7332,92,0.7146,0.7529,0.5788,0.8071
segloso42,aligned,pherc0139-w039,075000,546650,175084,0.6321,73,0.5449,0.7526,0.4621,0.7282
segloso42,native,w035,075000,1069617,333586,0.6932,113,0.7282,0.6613,0.5304,0.7747
segloso42,native,w039,075000,574928,182382,0.5893,76,0.4838,0.7536,0.4178,0.6900
segloso43,aligned,pherc0139-w035,010000,1018807,321472,0.7811,105,0.7466,0.8188,0.6408,0.8454
segloso43,aligned,pherc0139-w039,010000,546650,175084,0.6912,114,0.6689,0.7149,0.5281,0.7741
segloso43,native,w035,010000,1069617,333586,0.7309,115,0.7282,0.7337,0.5760,0.8048
segloso43,native,w039,010000,574928,182382,0.5972,115,0.5609,0.6385,0.4257,0.7032
segloso43,aligned,pherc0139-w035,020000,1018807,321472,0.7805,90,0.7650,0.7966,0.6400,0.8419
segloso43,aligned,pherc0139-w039,020000,546650,175084,0.7010,102,0.6989,0.7032,0.5397,0.7802
segloso43,native,w035,020000,1069617,333586,0.7018,95,0.6669,0.7405,0.5406,0.7864
segloso43,native,w039,020000,574928,182382,0.6083,101,0.5429,0.6916,0.4371,0.7105
segloso43,aligned,pherc0139-w035,030000,1018807,321472,0.7909,107,0.7857,0.7961,0.6541,0.8480
segloso43,aligned,pherc0139-w039,030000,546650,175084,0.7087,98,0.6624,0.7620,0.5489,0.7895
segloso43,native,w035,030000,1069617,333586,0.7568,116,0.7506,0.7631,0.6088,0.8241
segloso43,native,w039,030000,574928,182382,0.6350,122,0.5868,0.6917,0.4652,0.7327
segloso43,aligned,pherc0139-w035,040000,1018807,321472,0.7543,104,0.7310,0.7792,0.6056,0.8235
segloso43,aligned,pherc0139-w039,040000,546650,175084,0.7247,97,0.6831,0.7716,0.5683,0.8015
segloso43,native,w035,040000,1069617,333586,0.6747,96,0.6055,0.7616,0.5090,0.7684
segloso43,native,w039,040000,574928,182382,0.5953,99,0.5012,0.7331,0.4238,0.6970
segloso43,aligned,pherc0139-w035,050000,1018807,321472,0.7351,95,0.7351,0.7351,0.5812,0.8065
segloso43,aligned,pherc0139-w039,050000,546650,175084,0.7037,85,0.6863,0.7221,0.5429,0.7833
segloso43,native,w035,050000,1069617,333586,0.6881,96,0.6555,0.7240,0.5245,0.7758
segloso43,native,w039,050000,574928,182382,0.5649,96,0.4879,0.6707,0.3936,0.6718
segloso43,aligned,pherc0139-w035,060000,1018807,321472,0.7374,94,0.7387,0.7361,0.5840,0.8080
segloso43,aligned,pherc0139-w039,060000,546650,175084,0.7054,79,0.6588,0.7591,0.5449,0.7869
segloso43,native,w035,060000,1069617,333586,0.6751,96,0.6354,0.7201,0.5096,0.7664
segloso43,native,w039,060000,574928,182382,0.6033,89,0.5181,0.7220,0.4320,0.7050
segloso43,aligned,pherc0139-w035,075000,1018807,321472,0.7215,104,0.7295,0.7137,0.5644,0.7959
segloso43,aligned,pherc0139-w039,075000,546650,175084,0.7214,81,0.6808,0.7672,0.5642,0.7989
segloso43,native,w035,075000,1069617,333586,0.6599,92,0.6050,0.7258,0.4924,0.7555
segloso43,native,w039,075000,574928,182382,0.5951,79,0.4716,0.8061,0.4236,0.6933
