scroll,segment,seed,arm,step,role,pixels,ink,fixed_threshold,fixed_f1,oracle_f1,legacy_fixed_f1,duplicate_pixel_counts
Paris4,phercparis4-w01,42,base,20000,calibration,8268843,2163941,85,0.46068506657233393,0.46068506657233393,,
Paris4,phercparis4-w01,42,ft,2500,calibration,8268843,2163941,129,0.8572893426839382,0.8572893426839382,,
Paris4,phercparis4-w01,43,base,20000,calibration,8268843,2163941,83,0.46214390079711143,0.46214390079711143,,
Paris4,phercparis4-w01,43,ft,2500,calibration,8268843,2163941,112,0.867790054898366,0.867790054898366,,
1667,pherc1667-w013,42,base,10000,calibration,3358647,1012040,89,0.586222153822477,0.586222153822477,,
1667,pherc1667-w013,42,ft,2500,calibration,3358647,1012040,107,0.7245776137837308,0.7245776137837308,,
1667,pherc1667-w013,42,base20k,20000,calibration,3358647,1012040,81,0.599680186758608,0.599680186758608,,
1667,pherc1667-w013,43,base,10000,calibration,3358647,1012040,96,0.6073870361218151,0.6073870361218151,,
1667,pherc1667-w013,43,ft,2500,calibration,3358647,1012040,117,0.7209685486905018,0.7209685486905018,,
1667,pherc1667-w013,43,base20k,20000,calibration,3358647,1012040,88,0.6009260628696367,0.6009260628696367,,
Paris4,phercparis4-w02,42,base,20000,evaluation,4647609,1087282,85,0.4076504348059838,0.40967393850651185,0.4075447661557684,5612
Paris4,phercparis4-w02,42,ft,2500,evaluation,4647609,1087282,129,0.805671578955575,0.8124764984755211,0.8053960805088356,5612
Paris4,phercparis4-w02,43,base,20000,evaluation,4647609,1087282,83,0.4161455335065307,0.41742323751143084,0.41614027438514106,5612
Paris4,phercparis4-w02,43,ft,2500,evaluation,4647609,1087282,112,0.8136916345934403,0.828457430313889,0.8132189200209821,5612
Paris4,phercparis4-w03,42,base,20000,evaluation,6169508,2125255,85,0.49904569344332583,0.5232553652669628,0.49904569344332583,0
Paris4,phercparis4-w03,42,ft,2500,evaluation,6169508,2125255,129,0.7984601204270104,0.8143210428790437,0.7984601204270104,0
Paris4,phercparis4-w03,43,base,20000,evaluation,6169508,2125255,83,0.5228347560480747,0.5331453791123998,0.5228347560480747,0
Paris4,phercparis4-w03,43,ft,2500,evaluation,6169508,2125255,112,0.8022827213876681,0.8302880613767377,0.8022827213876681,0
Paris4,phercparis4-w05,42,base,20000,evaluation,31930770,6737328,85,0.38547159346892335,0.38611345070525876,0.38547159346892335,0
Paris4,phercparis4-w05,42,ft,2500,evaluation,31930770,6737328,129,0.7489242668672844,0.7620336818536295,0.7489242668672844,0
Paris4,phercparis4-w05,43,base,20000,evaluation,31930770,6737328,83,0.3969050317189067,0.3970577300476644,0.3969050317189067,0
Paris4,phercparis4-w05,43,ft,2500,evaluation,31930770,6737328,112,0.7683493679122712,0.7897726604763228,0.7683493679122712,0
Paris4,phercparis4-w06,42,base,20000,evaluation,11074717,3443040,85,0.4945596254273772,0.5013008772260512,0.4945596254273772,0
Paris4,phercparis4-w06,42,ft,2500,evaluation,11074717,3443040,129,0.7762175278177548,0.7880085823197506,0.7762175278177548,0
Paris4,phercparis4-w06,43,base,20000,evaluation,11074717,3443040,83,0.4945533428558575,0.4984798136290995,0.4945533428558575,0
Paris4,phercparis4-w06,43,ft,2500,evaluation,11074717,3443040,112,0.7915426660912506,0.8065610444643037,0.7915426660912506,0
Paris4,phercparis4-w07,42,base,20000,evaluation,16003870,5022838,85,0.5511213581958541,0.5522285342613515,0.5511213581958541,0
Paris4,phercparis4-w07,42,ft,2500,evaluation,16003870,5022838,129,0.771938708770821,0.7846394209870176,0.771938708770821,0
Paris4,phercparis4-w07,43,base,20000,evaluation,16003870,5022838,83,0.5485451235417302,0.5550546505757802,0.5485451235417302,0
Paris4,phercparis4-w07,43,ft,2500,evaluation,16003870,5022838,112,0.7815759813593984,0.8037145608131187,0.7815759813593984,0
Paris4,phercparis4-w09,42,base,20000,evaluation,5238005,1487875,85,0.5548325367740976,0.5874986434566275,0.5548325367740976,0
Paris4,phercparis4-w09,42,ft,2500,evaluation,5238005,1487875,129,0.7946440748457593,0.7946669617322158,0.7946440748457593,0
Paris4,phercparis4-w09,43,base,20000,evaluation,5238005,1487875,83,0.551746588507147,0.5981233916543653,0.551746588507147,0
Paris4,phercparis4-w09,43,ft,2500,evaluation,5238005,1487875,112,0.8240407517275377,0.8257928767123288,0.8240407517275377,0
1667,pherc1667-w023,42,base,10000,evaluation,5403941,1295831,89,0.4639752584128539,0.46403407912841876,0.4639752584128539,0
1667,pherc1667-w023,42,ft,2500,evaluation,5403941,1295831,107,0.5804090937214668,0.5804401062924431,0.5804090937214668,0
1667,pherc1667-w023,42,base20k,20000,evaluation,5403941,1295831,81,0.4664398516475113,0.46722681270837696,0.4664398516475113,0
1667,pherc1667-w023,43,base,10000,evaluation,5403941,1295831,96,0.47421087238191567,0.47485672688063274,0.47421087238191567,0
1667,pherc1667-w023,43,ft,2500,evaluation,5403941,1295831,117,0.5927728983495474,0.5975880839939729,0.5927728983495474,0
1667,pherc1667-w023,43,base20k,20000,evaluation,5403941,1295831,88,0.4785750538401394,0.47885623843557185,0.4785750538401394,0
1667,pherc1667-w028,42,base,10000,evaluation,844780,230538,89,0.5261213296462461,0.5325614504536956,0.5261213296462461,0
1667,pherc1667-w028,42,ft,2500,evaluation,844780,230538,107,0.6253337031188388,0.6269415100005069,0.6253337031188388,0
1667,pherc1667-w028,42,base20k,20000,evaluation,844780,230538,81,0.4938848616032507,0.5118713104598716,0.4938848616032507,0
1667,pherc1667-w028,43,base,10000,evaluation,844780,230538,96,0.53130712103588,0.5382326768716349,0.53130712103588,0
1667,pherc1667-w028,43,ft,2500,evaluation,844780,230538,117,0.6066002435386043,0.613903021226209,0.6066002435386043,0
1667,pherc1667-w028,43,base20k,20000,evaluation,844780,230538,88,0.5301769915608618,0.5398343850602286,0.5301769915608618,0
1667,pherc1667-w029,42,base,10000,evaluation,1212915,356210,89,0.5586430420272191,0.5682204864235748,0.5586430420272191,0
1667,pherc1667-w029,42,ft,2500,evaluation,1212915,356210,107,0.6474489875543679,0.6558837895580003,0.6474489875543679,0
1667,pherc1667-w029,42,base20k,20000,evaluation,1212915,356210,81,0.5831831035304378,0.5889132191482257,0.5831831035304378,0
1667,pherc1667-w029,43,base,10000,evaluation,1212915,356210,96,0.5770887866822442,0.5817325884212167,0.5770887866822442,0
1667,pherc1667-w029,43,ft,2500,evaluation,1212915,356210,117,0.6687866953308559,0.6692829111666072,0.6687866953308559,0
1667,pherc1667-w029,43,base20k,20000,evaluation,1212915,356210,88,0.5851030193202518,0.5851030193202518,0.5851030193202518,0
1667,pherc1667-w031,42,base,10000,evaluation,2621780,624019,89,0.5511800146428776,0.5559266795176495,0.5511800146428776,0
1667,pherc1667-w031,42,ft,2500,evaluation,2621780,624019,107,0.6714227402328012,0.672226199054099,0.6714227402328012,0
1667,pherc1667-w031,42,base20k,20000,evaluation,2621780,624019,81,0.5532687763517583,0.5534627484543791,0.5532687763517583,0
1667,pherc1667-w031,43,base,10000,evaluation,2621780,624019,96,0.5622914587631707,0.5632454143454398,0.5622914587631707,0
1667,pherc1667-w031,43,ft,2500,evaluation,2621780,624019,117,0.6417973674318781,0.6547736843577299,0.6417973674318781,0
1667,pherc1667-w031,43,base20k,20000,evaluation,2621780,624019,88,0.5681006149891088,0.5686233156475836,0.5681006149891088,0
